<?xml version="1.0" encoding="utf-8"?>
<COLLADA xmlns="http://www.collada.org/2005/11/COLLADASchema" version="1.4.1" xmlns:xsi="http://www.w3.org/2001/XMLSchema-instance">
  <asset>
    <contributor>
      <author>Blender User</author>
      <authoring_tool>Blender 2.82.7</authoring_tool>
    </contributor>
    <created>2024-11-23T11:32:11</created>
    <modified>2024-11-23T11:32:11</modified>
    <unit name="meter" meter="1"/>
    <up_axis>Z_UP</up_axis>
  </asset>
  <library_cameras>
    <camera id="Camera-camera" name="Camera">
      <optics>
        <technique_common>
          <perspective>
            <xfov sid="xfov">39.59775</xfov>
            <aspect_ratio>1.777778</aspect_ratio>
            <znear sid="znear">0.1</znear>
            <zfar sid="zfar">100</zfar>
          </perspective>
        </technique_common>
      </optics>
      <extra>
        <technique profile="blender">
          <shiftx sid="shiftx" type="float">0</shiftx>
          <shifty sid="shifty" type="float">0</shifty>
          <dof_distance sid="dof_distance" type="float">10</dof_distance>
        </technique>
      </extra>
    </camera>
  </library_cameras>
  <library_lights>
    <light id="Light-light" name="Light">
      <technique_common>
        <point>
          <color sid="color">1000 1000 1000</color>
          <constant_attenuation>1</constant_attenuation>
          <linear_attenuation>0</linear_attenuation>
          <quadratic_attenuation>0.00111109</quadratic_attenuation>
        </point>
      </technique_common>
      <extra>
        <technique profile="blender">
          <type sid="type" type="int">0</type>
          <flag sid="flag" type="int">0</flag>
          <mode sid="mode" type="int">1</mode>
          <gamma sid="blender_gamma" type="float">1</gamma>
          <red sid="red" type="float">1</red>
          <green sid="green" type="float">1</green>
          <blue sid="blue" type="float">1</blue>
          <shadow_r sid="blender_shadow_r" type="float">0</shadow_r>
          <shadow_g sid="blender_shadow_g" type="float">0</shadow_g>
          <shadow_b sid="blender_shadow_b" type="float">0</shadow_b>
          <energy sid="blender_energy" type="float">1000</energy>
          <dist sid="blender_dist" type="float">29.99998</dist>
          <spotsize sid="spotsize" type="float">75</spotsize>
          <spotblend sid="spotblend" type="float">0.15</spotblend>
          <att1 sid="att1" type="float">0</att1>
          <att2 sid="att2" type="float">1</att2>
          <falloff_type sid="falloff_type" type="int">2</falloff_type>
          <clipsta sid="clipsta" type="float">0.04999995</clipsta>
          <clipend sid="clipend" type="float">30.002</clipend>
          <bias sid="bias" type="float">1</bias>
          <soft sid="soft" type="float">3</soft>
          <bufsize sid="bufsize" type="int">2880</bufsize>
          <samp sid="samp" type="int">3</samp>
          <buffers sid="buffers" type="int">1</buffers>
          <area_shape sid="area_shape" type="int">1</area_shape>
          <area_size sid="area_size" type="float">0.1</area_size>
          <area_sizey sid="area_sizey" type="float">0.1</area_sizey>
          <area_sizez sid="area_sizez" type="float">1</area_sizez>
        </technique>
      </extra>
    </light>
  </library_lights>
  <library_effects>
    <effect id="soccerball_rcs-soccerball_png-effect">
      <profile_COMMON>
        <newparam sid="rcs-soccerball_png-surface">
          <surface type="2D">
            <init_from>rcs-soccerball_png</init_from>
          </surface>
        </newparam>
        <newparam sid="rcs-soccerball_png-sampler">
          <sampler2D>
            <source>rcs-soccerball_png-surface</source>
          </sampler2D>
        </newparam>
        <technique sid="common">
          <lambert>
            <emission>
              <color sid="emission">0 0 0 1</color>
            </emission>
            <diffuse>
              <texture texture="rcs-soccerball_png-sampler" texcoord="Sphere_soccerball-mesh-map-0"/>
            </diffuse>
            <index_of_refraction>
              <float sid="ior">1</float>
            </index_of_refraction>
          </lambert>
        </technique>
      </profile_COMMON>
    </effect>
  </library_effects>
  <library_images>
    <image id="rcs-soccerball_png" name="rcs-soccerball_png">
      <init_from>rcs-soccerball.png</init_from>
    </image>
  </library_images>
  <library_materials>
    <material id="soccerball_rcs-soccerball_png-material" name="soccerball_rcs-soccerball_png">
      <instance_effect url="#soccerball_rcs-soccerball_png-effect"/>
    </material>
  </library_materials>
  <library_geometries>
    <geometry id="Sphere_soccerball-mesh" name="Sphere_soccerball">
      <mesh>
        <source id="Sphere_soccerball-mesh-positions">
          <float_array id="Sphere_soccerball-mesh-positions-array" count="1086">-0.506626 -0.7462415 0.4040853 -0.5763031 -0.6112805 0.5349463 -0.6422711 -0.6347845 0.3767324 -0.574325 -0.7537385 0.2421023 -0.434665 -0.8592506 0.2543013 -0.685078 -0.6396045 0.2248793 -0.320884 -0.8132466 0.4085133 -0.394167 -0.6849355 0.5537323 -0.194637 -0.7402346 0.5554563 -0.267106 -0.6094455 0.6988363 -0.327365 -0.4635205 0.8185604 -0.457042 -0.5425205 0.6823974 -0.06677401 -0.6622526 0.6988143 -0.135846 -0.5262095 0.8262764 0.05979889 -0.5655745 0.8185184 9.07989e-4 -0.4132465 0.8928704 -0.052091 -0.2658095 0.9367023 -0.1848199 -0.3642905 0.8928903 -0.120901 -0.8659945 0.4084913 -0.241917 -0.9193595 0.2559033 -0.04516196 -0.9621915 0.2542594 0.07270896 -0.8994255 0.4040234 0.006146967 -0.7904905 0.5536884 0.200365 -0.8162755 0.5348634 0.131242 -0.6976006 0.6823323 0.2420589 -0.8699095 0.3766413 0.1242769 -0.9399076 0.2420323 0.273386 -0.8957775 0.2247853 -0.7207641 -0.4945565 0.4605743 -0.8484711 -0.3728885 0.3634623 -0.7728331 -0.5204246 0.2944693 -0.609755 -0.4315475 0.6106044 -0.750591 -0.3081935 0.5218684 -0.6257541 -0.2335225 0.6691824 -0.7644361 -0.1094875 0.5782073 -0.8759511 0.01534444 0.4730373 -0.870714 -0.1802615 0.4217613 -0.637387 -0.03398346 0.7234033 -0.7618191 0.08332043 0.6234983 -0.630424 0.1612604 0.7536404 -0.70819 0.2550215 0.6244493 -0.759872 0.3327255 0.4923554 -0.825972 0.1850234 0.4898403 -0.482694 -0.3560575 0.7557083 -0.349985 -0.2745245 0.8827654 -0.49648 -0.1572005 0.8121693 -0.354007 -0.07921248 0.9276794 -0.497555 0.0414974 0.8481904 -0.1976 -0.1799325 0.9452363 0.383102 -0.7860006 0.4604563 0.412013 -0.8347615 0.2943463 0.554647 -0.7430076 0.3633114 0.501959 -0.6383895 0.5217334 0.318641 -0.6762976 0.6105033 0.430269 -0.5118835 0.6690694 0.24572 -0.5480605 0.7556294 0.355755 -0.3818415 0.8120784 0.174547 -0.4127845 0.8827093 0.272444 -0.2443365 0.9276124 0.102916 -0.2591445 0.9452043 0.612045 -0.4724765 0.5780593 0.669567 -0.5863345 0.4215964 0.770569 -0.4199685 0.4728603 0.704792 -0.3055595 0.6233404 0.538761 -0.3441655 0.7232784 0.628931 -0.1719985 0.7535064 0.454442 -0.2094955 0.8480893 0.7426609 -0.1372125 0.6242923 0.810607 -0.2561665 0.4896633 0.825798 -0.1023515 0.4921823 0.682485 0.01622647 0.7147083 0.789928 0.04213237 0.5743613 0.727463 0.2018594 0.6494213 0.567282 0.1732504 0.7614073 0.516303 -0.0202015 0.8152633 0.38536 0.1359664 0.8530203 0.333297 -0.05787646 0.9040634 0.200957 0.09766745 0.9389774 0.15224 -0.09099751 0.9740763 0.01669287 0.05625343 0.9950793 -0.01977092 -0.1149485 0.9775683 0.43494 0.3289445 0.7964683 0.604072 0.3586665 0.6899443 0.468255 0.5077245 0.7190093 0.296434 0.4720885 0.8186714 0.251622 0.2910365 0.8852384 0.113972 0.4344565 0.8905603 0.06574696 0.2474005 0.9506813 0.1442019 0.5752445 0.7912154 0.314157 0.6103925 0.7089204 0.167726 0.6869325 0.6815754 -0.02774494 0.5575375 0.8187053 0.01363992 0.6896045 0.7089524 -0.158197 0.6728485 0.7190763 -0.215587 0.5004165 0.7965373 -0.07475095 0.3770624 0.8852733 -0.267305 0.3080044 0.8530904 -0.125416 0.1836944 0.9390124 -0.31723 0.1135954 0.9041333 -0.17194 -0.00554949 0.9741113 -0.407159 0.4302645 0.7615113 -0.347925 0.6096595 0.6900463 -0.531893 0.5351195 0.6495553 -0.583774 0.3522955 0.7148433 -0.458137 0.2368124 0.8153674 -0.6609231 0.4343655 0.5745183 -0.875357 -0.4232675 0.1717593 -0.875041 -0.4735205 -0.02316761 -0.785579 -0.5686985 0.1089982 -0.906229 -0.2364225 0.2310983 -0.919977 -0.2884895 0.03103834 -0.9369971 -0.0899915 0.08771133 -0.9475411 -0.1415855 -0.1125926 -0.9292011 -0.1851015 -0.3046746 -0.9110831 -0.3331025 -0.1658076 -0.961328 0.05727243 -0.05613166 -0.9560821 0.006530404 -0.2475696 -0.955843 0.1992064 -0.1955556 -0.8990681 0.1501845 -0.3567577 -0.824997 0.1021974 -0.4924136 -0.8862881 -0.03417342 -0.4091036 -0.9200741 -0.03771644 0.2874373 -0.9164111 0.1546095 0.3346824 -0.9476091 0.1090744 0.1438383 -0.929162 0.2990215 0.1955263 -0.951596 0.2509155 -1.36611e-5 -0.851498 0.3211064 0.3567153 0.05046492 -0.9836865 0.08029532 0.157378 -0.9791045 -0.09071761 0.2214379 -0.9480205 0.07654333 -0.143296 -0.9508265 0.08257329 -0.03849196 -0.9595785 -0.09593963 -0.239423 -0.9098795 -0.09631061 -0.133696 -0.9156205 -0.2746096 -0.0270769 -0.8936095 -0.4417716 0.06589597 -0.9450786 -0.2684637 -0.334028 -0.8628146 -0.2745887 -0.223545 -0.8565666 -0.4429346 -0.414242 -0.7915555 -0.4417297 -0.287829 -0.7466295 -0.5760267 -0.1669239 -0.6870865 -0.6818057 -0.102101 -0.7955865 -0.5760467 -0.343279 -0.8980785 0.08259534 -0.5288701 -0.8305025 0.08035731 -0.438806 -0.8540245 -0.09589564 -0.6192891 -0.7741096 -0.09063363 -0.5223881 -0.7899985 -0.2683997 -0.6628921 -0.7128945 0.07663434 0.874379 -0.3197195 0.3344903 0.956645 -0.1993615 0.1953253 0.899869 -0.1503385 0.3565263 0.782779 -0.4867325 0.2872543 0.879066 -0.3725795 0.1436423 0.77169 -0.5403906 0.08752733 0.865348 -0.4243825 -0.05632656 0.929964 -0.2991765 -0.1957576 0.952397 -0.2510705 -2.16661e-4 0.755313 -0.5906015 -0.1127756 0.834708 -0.4677985 -0.2477616 0.717319 -0.6204146 -0.3048517 0.750292 -0.4753635 -0.4092807 0.7606739 -0.3328805 -0.4925867 0.8523 -0.3212615 -0.3569467 0.672694 -0.6526445 0.2309293 0.552689 -0.8001595 0.1716063 0.658946 -0.7047116 0.03086829 0.528078 -0.8436385 -0.02331763 0.629197 -0.7391755 -0.1659736 0.399267 -0.8830366 0.1088753 0.452235 0.6568025 0.5862883 0.415043 0.7914015 0.4414983 0.288631 0.7464755 0.5757964 0.591795 0.5149085 0.5625134 0.56426 0.6616995 0.4189143 0.699023 0.5078485 0.3851624 0.6690379 0.6529095 0.2402223 0.620091 0.7739555 0.0904023 0.52319 0.7898445 0.2681683 0.801378 0.4973655 0.2053083 0.75756 0.6307395 0.06299734 0.875842 0.4733655 0.02293634 0.7863799 0.5685445 -0.1092296 0.685879 0.6394505 -0.2251107 0.663694 0.7127405 -0.07686561 0.724137 0.3592145 0.5274524 0.838285 0.2009404 0.4823263 0.828942 0.3504615 0.3489393 0.930003 0.1849464 0.3044443 0.911885 0.3329474 0.1655763 0.887089 0.03401839 0.4088723 -0.6283251 0.5898215 0.4824833 -0.7165191 0.6202595 0.3046213 -0.74949 0.4752085 0.4090493 -0.452012 0.6693975 0.5275784 -0.547545 0.7134525 0.3490893 -0.357009 0.7862115 0.3852784 -0.451452 0.8276155 0.2055243 -0.529483 0.8439095 0.0237233 -0.628499 0.7390405 0.1657723 -0.259638 0.8977135 0.2404033 -0.350179 0.9229295 0.06423133 -0.158784 0.9793756 0.09112232 -0.23713 0.9510475 -0.07202261 -0.301362 0.9011735 -0.2167246 -0.41496 0.8860625 -0.1043546 -0.26044 0.7395495 0.5626053 -0.07229697 0.7950625 0.5863453 -0.1641589 0.8537025 0.4189943 0.02787792 0.8934555 0.4415413 -0.065198 0.9449445 0.2682623 0.102903 0.7954315 0.5758163 -0.8374841 -0.2010955 -0.4825567 -0.7891271 -0.04228651 -0.5745927 -0.726661 -0.2020145 -0.6496517 -0.723335 -0.3593695 -0.5276837 -0.82814 -0.3506165 -0.3491706 -0.698221 -0.5080025 -0.3853927 -0.800576 -0.4975205 -0.2055397 -0.668237 -0.6530646 -0.2404527 -0.7567591 -0.6308935 -0.06322765 -0.5909941 -0.5150625 -0.5627447 -0.6032701 -0.3588215 -0.6901757 -0.467453 -0.5078786 -0.7192397 -0.451433 -0.6569575 -0.5865197 -0.563459 -0.6618536 -0.4191457 -0.313355 -0.6105476 -0.7091517 0.07309794 -0.7952175 -0.5865767 -0.0128389 -0.6897585 -0.7091836 0.158998 -0.6730026 -0.7193067 0.261241 -0.7397035 -0.5628356 0.164954 -0.8538565 -0.4192237 0.357802 -0.7863636 -0.3855066 0.260159 -0.8978145 -0.2405536 0.451973 -0.8277155 -0.2056747 0.347108 -0.9223375 -0.06334662 0.452813 -0.6695516 -0.5278087 0.348726 -0.6098145 -0.6902767 0.5326949 -0.5352736 -0.6497867 0.629127 -0.5899755 -0.4827136 0.548341 -0.7136055 -0.3493186 0.661724 -0.4345205 -0.5747486 0.917213 -0.1547645 -0.3349137 0.826774 -0.1851785 -0.4900707 0.876753 -0.01549953 -0.4732677 0.920876 0.03756135 -0.2876676 0.948411 -0.1092295 -0.1440685 0.937799 0.08983743 -0.08794164 0.9621289 -0.05742651 0.05590027 0.948342 0.1414304 0.1123623 0.956883 -0.006685495 0.2473383 0.9070309 0.2362685 -0.2313296 0.871515 0.1801074 -0.4219927 0.849273 0.3727345 -0.3636937 0.8761579 0.4231135 -0.1719906 0.920779 0.2883344 -0.03126859 0.773635 0.5202695 -0.2946997 0.529672 0.8303485 -0.08058863 0.575126 0.7535835 -0.2423337 0.435465 0.8590965 -0.2545316 0.344075 0.8979255 -0.08282363 0.439608 0.8538695 0.09566533 0.240215 0.9097265 0.09608232 0.33483 0.8626595 0.2743573 0.134492 0.9154675 0.2743803 0.224346 0.8564115 0.4427033 0.143818 0.9507255 -0.08272361 0.242615 0.9192255 -0.2561047 0.04375696 0.9624625 -0.2538546 -0.05353593 0.9842785 -0.07941061 0.0390129 0.9594785 0.09578931 -0.139969 0.9429335 -0.2375106 -0.55576 0.8007525 -0.1707217 -0.427705 0.8377875 -0.2898247 -0.5560531 0.7432785 -0.3629066 -0.672172 0.6525445 -0.2310786 -0.658424 0.7046105 -0.03101861 -0.7708981 0.5402375 -0.08775562 -0.754517 0.5904485 0.1125463 -0.8645461 0.4242275 0.0560953 -0.8339061 0.4676434 0.2475303 -0.781984 0.4865785 -0.2874836 -0.668869 0.5862005 -0.4217966 -0.769769 0.4198135 -0.4730907 -0.8735771 0.3195645 -0.3347216 -0.878265 0.3724254 -0.1438736 -0.8098061 0.2560115 -0.4898946 -0.295632 -0.4722435 -0.8189017 -0.11317 -0.4346105 -0.8907907 -0.143401 -0.5753985 -0.7914467 -0.434139 -0.3290985 -0.7966997 -0.250821 -0.2911905 -0.8854697 -0.384558 -0.1361215 -0.8532516 -0.200155 -0.09782153 -0.9392077 -0.01589101 -0.05640852 -0.9953097 -0.06494498 -0.2475555 -0.9509117 -0.332495 0.05772238 -0.9042947 -0.1514379 0.09084242 -0.9743077 -0.271643 0.2441815 -0.9278437 -0.102114 0.2589895 -0.9454357 0.05289191 0.2656545 -0.9369336 0.02057188 0.1147934 -0.9777997 -0.5664801 -0.1734055 -0.7616377 -0.6816831 -0.0163815 -0.7149387 -0.515502 0.02004647 -0.8154947 -0.62813 0.1718444 -0.7537367 -0.45364 0.2093414 -0.8483197 -0.741859 0.1370574 -0.6245236 0.5845749 -0.3524505 -0.7150747 0.631226 -0.1614155 -0.7538717 0.708992 -0.2551755 -0.6246806 0.40796 -0.4304185 -0.7617416 0.458939 -0.2369665 -0.8155987 0.268106 -0.3081585 -0.8533207 0.318032 -0.1137505 -0.9043636 0.354808 0.07905846 -0.9279107 0.498356 -0.04165142 -0.8484216 0.126218 -0.1838485 -0.9392427 0.1727409 0.005394399 -0.9743416 0.1984019 0.1797785 -0.9454677 0.2163879 -0.5005705 -0.7967687 0.02854692 -0.5576915 -0.8189367 0.07555294 -0.3772175 -0.8855037 0.721566 0.4944015 -0.4608057 0.577104 0.6111265 -0.5351777 0.643073 0.6346295 -0.3769627 0.751392 0.3080395 -0.5220997 0.610557 0.4313924 -0.6108347 0.626555 0.2333675 -0.6694137 0.483495 0.3559035 -0.7559387 0.328167 0.4633665 -0.8187907 0.457844 0.5423665 -0.6826277 0.497282 0.1570454 -0.8124006 0.350786 0.2743695 -0.8829967 0.185622 0.3641355 -0.8931217 0.765237 0.1093325 -0.5784377 0.76262 -0.08347553 -0.6237286 0.638189 0.03382837 -0.7236347 -0.07577997 0.9000175 -0.4031386 -0.20177 0.8165465 -0.5344577 -0.257751 0.8729365 -0.3721206 0.121423 0.8658935 -0.4086416 -0.005625963 0.7903895 -0.5538387 0.195429 0.7400815 -0.5556847 0.06756895 0.6620995 -0.6990436 -0.058999 0.5654205 -0.8187487 -0.130544 0.6974655 -0.6825337 0.267907 0.6092915 -0.6990666 0.1366479 0.5260545 -0.8265067 -1.07011e-4 0.4130915 -0.8931016 0.32168 0.8130935 -0.4087427 0.507427 0.7460865 -0.4043157 0.394969 0.6847815 -0.5539627 -0.7039901 0.3054054 -0.6235716 -0.611249 0.4723235 -0.5782887 -0.5379601 0.3440115 -0.7235087 -0.429477 0.5117305 -0.6692976 -0.354953 0.3816865 -0.8123087 -0.244924 0.5479065 -0.7558587 -0.173745 0.4126295 -0.8829396 -0.501438 0.6382885 -0.5218837 -0.386173 0.7865925 -0.4595717 -0.318119 0.6761975 -0.6106536</float_array>
          <technique_common>
            <accessor source="#Sphere_soccerball-mesh-positions-array" count="362" stride="3">
              <param name="X" type="float"/>
              <param name="Y" type="float"/>
              <param name="Z" type="float"/>
            </accessor>
          </technique_common>
        </source>
        <source id="Sphere_soccerball-mesh-normals">
          <float_array id="Sphere_soccerball-mesh-normals-array" count="2160">-0.6338163 -0.6816587 0.3655385 -0.6409515 -0.7062864 0.3005674 -0.5937709 -0.7532165 0.2830215 -0.716198 -0.661349 0.2228856 -0.3087958 -0.8246858 0.4738548 -0.2961506 -0.7849872 0.5441416 -0.3576446 -0.7386611 0.5713757 -0.222177 -0.7835704 0.5802196 -0.2965676 -0.6759634 0.6746267 -0.3048708 -0.7090529 0.6358442 -0.2195031 -0.7734732 0.5946071 -0.3496942 -0.7083447 0.6131572 -0.2035297 -0.7723734 0.6016769 -0.1899544 -0.7209016 0.6664969 -0.2485478 -0.6736617 0.6959913 -0.1152346 -0.7096919 0.6950241 -0.08185654 -0.3109315 0.9469009 -0.1068552 -0.4057552 0.9077141 -0.05641269 -0.4554721 0.888461 -0.1730722 -0.4190388 0.8913207 -0.2089257 -0.7923386 0.5731925 -0.2243244 -0.8506793 0.4754191 -0.1860682 -0.8721005 0.4525697 -0.2689653 -0.8504254 0.4521442 -0.139197 -0.8694783 0.4739533 -0.1304515 -0.8283085 0.544874 -0.1929365 -0.7912391 0.5802724 -0.05321484 -0.8184775 0.5720691 -0.07521754 -0.735385 0.6734623 -0.08405119 -0.7672896 0.635769 -0.04523509 -0.7885149 0.61335 -0.1902852 -0.7811515 0.5946378 0.2167457 -0.9057674 0.3641521 0.2106223 -0.9305285 0.2995916 0.3001496 -0.9281691 0.2200282 0.1451133 -0.9480447 0.2831139 -0.7702485 -0.5476828 0.3267428 -0.7304988 -0.6018514 0.3227176 -0.6917737 -0.6142364 0.379688 -0.7180778 -0.6591512 0.223347 -0.651924 -0.39405 0.6478577 -0.6907114 -0.3232895 0.6468399 -0.7455458 -0.312863 0.5884543 -0.6675233 -0.2602928 0.6976104 -0.7739614 -0.1798785 0.6071472 -0.7547507 -0.2270878 0.6154533 -0.675158 -0.2443832 0.6960162 -0.7680944 -0.2651035 0.5828818 -0.6695807 -0.2308634 0.7059488 -0.7026549 -0.1536594 0.694741 -0.757565 -0.1395087 0.6376775 -0.673546 -0.08960473 0.733694 -0.7880012 0.3439536 0.510637 -0.789141 0.2433569 0.563945 -0.7504054 0.2309512 0.6193169 -0.8215816 0.1887252 0.5379465 -0.6540459 -0.2626855 0.7093803 -0.5992293 -0.362984 0.7135594 -0.5565755 -0.3691871 0.7442612 -0.6118664 -0.4008975 0.6818364 -0.540409 -0.3279159 0.7748737 -0.5799396 -0.2594641 0.7722361 -0.6484776 -0.2491837 0.7192944 -0.5496493 -0.1979553 0.811603 -0.633279 -0.09633958 0.7679039 -0.6145101 -0.1439417 0.7756662 -0.5721213 -0.1492961 0.8064664 -0.6561133 -0.2332732 0.7177039 -0.2394316 -0.3378754 0.9102268 -0.2098628 -0.2804924 0.9366332 -0.2487452 -0.221929 0.9428009 -0.1083829 -0.2784764 0.9543082 0.2984406 -0.87724 0.3760096 0.3375139 -0.8857136 0.3187413 0.3974491 -0.8594719 0.3214693 0.2985011 -0.9287573 0.2197886 0.493467 -0.6412668 0.5875946 0.4414357 -0.6233693 0.6454033 0.373502 -0.6650471 0.6466907 0.4526109 -0.5557097 0.6973738 0.3068171 -0.5978627 0.7405562 0.3427861 -0.6118227 0.712861 0.4404105 -0.5513967 0.7085199 0.3350501 -0.6511107 0.6810261 0.4422424 -0.5367777 0.7185342 0.3861862 -0.5154397 0.764972 0.3126139 -0.5577947 0.7688547 0.3902805 -0.4421023 0.8076055 -0.03951251 -0.2977671 0.9538206 0.05557668 -0.3538605 0.9336456 0.1255544 -0.3230178 0.9380276 0.05410492 -0.4210286 0.9054323 0.4667217 -0.5459011 0.6958182 0.5445732 -0.5701573 0.6151103 0.5821233 -0.5405705 0.6073846 0.537262 -0.6105499 0.581875 0.5878041 -0.4992938 0.6365471 0.5311636 -0.4838258 0.6955415 0.4685669 -0.5312441 0.7058504 0.5383785 -0.4111222 0.7356134 0.4298595 -0.4138168 0.8024815 0.4643504 -0.4279115 0.7754163 0.5018277 -0.3976874 0.7681235 0.4563784 -0.5269525 0.7169657 0.7619568 -0.1749241 0.623557 0.8026413 -0.1837594 0.5674499 0.853558 -0.09269434 0.5126857 0.801945 -0.2515997 0.5418319 0.7590271 -0.08284974 0.6457662 0.7970797 -0.04236507 0.6023864 0.7917888 0.02281963 0.6103686 0.8530893 -0.08134889 0.5153845 0.5469483 0.156704 0.8223694 0.4970837 0.108669 0.860871 0.512447 0.03108638 0.858156 0.422777 0.1379395 0.8956742 0.4028986 -0.01591581 0.9151062 0.4341165 0.01433145 0.9007428 0.4117221 0.1270424 0.9024108 0.4771314 -0.003526091 0.878825 0.3959316 0.1329162 0.9086098 0.3458839 0.08453184 0.9344618 0.3606492 9.45692e-5 0.9327015 0.2669827 0.1091906 0.9574956 -0.04214715 -0.2528077 0.9665981 0.04527509 -0.1819428 0.9822663 0.03536301 -0.1091395 0.9933972 0.1185073 -0.2017054 0.9722505 0.4189113 0.154585 0.8947719 0.490122 0.2271006 0.8415496 0.477968 0.272697 0.8349748 0.5348892 0.2093617 0.8185727 0.434924 0.2885244 0.8529917 0.3843022 0.2332987 0.8932433 0.4031069 0.1604633 0.9009752 0.3069047 0.2605906 0.9153699 0.2554268 0.1560712 0.9541483 0.2871964 0.1858915 0.939661 0.2749361 0.2292274 0.9337371 0.3920581 0.1495357 0.9077057 0.212989 0.5323759 0.8192752 0.2542392 0.5809836 0.7731885 0.2115018 0.6616381 0.7193762 0.3246673 0.5620571 0.7607121 0.07332485 0.5644376 0.8222127 0.05963867 0.6268848 0.7768262 -0.01748359 0.6422801 0.7662706 0.1398988 0.6784821 0.7211729 -0.2415342 0.4633983 0.852598 -0.2235134 0.3880175 0.8941389 -0.139562 0.3744654 0.9166778 -0.2717893 0.3378977 0.901086 -0.1445841 0.2589272 0.9550142 -0.1582346 0.3026601 0.9398716 -0.2674009 0.3224178 0.9080438 -0.1274835 0.3331317 0.9342224 -0.278639 0.3101968 0.9089215 -0.2569605 0.2369423 0.9369257 -0.1792203 0.2218272 0.9584742 -0.3085595 0.1730799 0.9353258 -0.08681386 -0.2431052 0.9661073 -0.1258332 -0.1440115 0.9815431 -0.1943306 -0.1323466 0.9719671 -0.08288753 -0.08391457 0.9930197 -0.2883257 0.3405341 0.8949329 -0.3146642 0.4391307 0.841517 -0.360853 0.4455381 0.8193175 -0.2843914 0.4700198 0.8355854 -0.3969058 0.4065084 0.8229319 -0.3774723 0.3393372 0.8616061 -0.2995649 0.3283275 0.8958024 -0.4300851 0.2793717 0.8584744 -0.3563836 0.1799455 0.9168481 -0.3699555 0.2260979 0.9011175 -0.4165942 0.2318008 0.8790436 -0.2951627 0.3128287 0.902783 -0.7036185 0.3024103 0.6430156 -0.7152573 0.3559501 0.6014205 -0.7844211 0.3494057 0.5124446 -0.676235 0.410377 0.6117981 -0.8130365 -0.564096 0.1441087 -0.7910636 -0.5765646 0.2044299 -0.8076779 -0.5324858 0.2532105 -0.7193322 -0.658622 0.220858 -0.9567124 -0.2189635 0.1917194 -0.9729353 -0.198386 0.1184911 -0.9653426 -0.253097 0.06368452 -0.988875 -0.1125568 0.09724825 -0.9835688 -0.1719671 -0.05495208 -0.9824655 -0.1864325 -0.002136826 -0.9909558 -0.1077881 0.0799281 -0.9710096 -0.2388207 0.01025372 -0.9930468 -0.090294 0.07553166 -0.997745 -0.06640815 -0.009738504 -0.9906105 -0.1187915 -0.06767141 -0.9995111 0.009299159 -0.02985399 -0.8622091 0.08215475 -0.4998463 -0.9118413 0.05240368 -0.4071845 -0.9290579 0.0974887 -0.3568576 -0.918965 -0.01144629 -0.3941731 -0.9888816 -0.1000837 0.1099848 -0.96729 -0.1292801 0.2182583 -0.9624103 -0.09269011 0.2552943 -0.9560374 -0.1803708 0.2312117 -0.969364 -0.04102873 0.2421782 -0.9858057 -0.02210777 0.1664284 -0.990974 -0.08259797 0.1055849 -0.9874016 0.05557793 0.1481534 -0.998827 0.04755651 0.009117662 -0.9976632 0.03276371 0.05995666 -0.9928447 0.07012087 0.09665685 -0.9930495 -0.07783108 0.08828997 -0.8768273 0.2912272 0.3825711 -0.8532895 0.2739658 0.4436663 -0.7911025 0.3454394 0.5048053 -0.8622178 0.2082403 0.4617539 0.2052896 -0.973344 0.1022629 0.2048456 -0.9643483 0.1675428 0.141835 -0.9699249 0.1978099 0.3002203 -0.9277374 0.2217459 -0.1667832 -0.9855342 0.03009372 -0.1675654 -0.9845868 -0.05010628 -0.09652692 -0.9915286 -0.08691167 -0.2389085 -0.9665905 -0.09287351 -0.1361622 -0.9672511 -0.2142087 -0.1389721 -0.9762608 -0.1661375 -0.2384502 -0.9648676 -0.1103272 -0.09452235 -0.9856253 -0.1400299 -0.2530814 -0.9600788 -0.1191578 -0.2498015 -0.9476044 -0.1991106 -0.1785171 -0.9543378 -0.2395228 -0.3145656 -0.9182571 -0.2405255 -0.1956452 -0.7419558 -0.641268 -0.2112638 -0.8012416 -0.5598031 -0.2768337 -0.8022319 -0.5289491 -0.15473 -0.837129 -0.5246654 -0.2541477 -0.9635126 -0.08397871 -0.2549189 -0.966484 0.03041571 -0.2976587 -0.9529649 0.05707341 -0.2119188 -0.97565 0.05654668 -0.3423033 -0.9391048 0.03017771 -0.3412031 -0.9387076 -0.04907602 -0.2687696 -0.9587254 -0.09278273 -0.4054679 -0.9100798 -0.08573633 -0.3582606 -0.908441 -0.2153704 -0.3603084 -0.9179236 -0.1661153 -0.4043054 -0.9039083 -0.1395957 -0.2683222 -0.9569988 -0.1102572 -0.657756 -0.7463372 0.1016754 -0.6529223 -0.7387573 0.1671234 -0.7164508 -0.6620179 0.2200698 -0.6018141 -0.7736867 0.1980627 0.9077876 -0.1855489 0.376156 0.8785392 -0.1892686 0.4385732 0.8530783 -0.2552033 0.4551141 0.8596475 -0.09312653 0.5023284 0.8208042 -0.5181657 0.2403846 0.8452141 -0.509337 0.1618306 0.8864985 -0.4398832 0.1436079 0.8213506 -0.5606716 0.1050263 0.8924659 -0.4510335 0.008574783 0.8841978 -0.4633244 0.0593701 0.8254808 -0.5575582 0.08780944 0.8977903 -0.4302175 0.09426254 0.8194946 -0.5681042 0.07540673 0.835214 -0.549852 -0.008977234 0.8742223 -0.4845969 -0.03001993 0.8027979 -0.5924937 -0.06683498 0.7894143 -0.3516878 -0.503131 0.8187018 -0.4030389 -0.4090073 0.7939878 -0.4636104 -0.3932541 0.8552158 -0.3717449 -0.3611257 0.8107246 -0.5750974 0.1094922 0.7775358 -0.5898796 0.2178996 0.7414696 -0.6298885 0.2312217 0.790572 -0.5578171 0.2526581 0.7225442 -0.6644958 0.190723 0.746198 -0.654969 0.1191813 0.804738 -0.5856329 0.09711313 0.7134569 -0.6976283 0.06552964 0.7707059 -0.634907 -0.05390387 0.762734 -0.6467093 -0.00204426 0.7257665 -0.6878572 0.01074677 0.8088721 -0.5825317 0.07989186 0.4233123 -0.894143 0.1459972 0.398884 -0.8937442 0.2052145 0.2977223 -0.9286592 0.2212541 0.433738 -0.8646867 0.2533543 0.3612838 0.7274032 0.5834026 0.337068 0.6899189 0.6406225 0.3807696 0.6373437 0.6699311 0.2413652 0.7013744 0.6706839 0.6455557 0.545355 0.5346454 0.6689696 0.5800994 0.4647198 0.6265502 0.6445186 0.4382132 0.7268916 0.5450527 0.4177873 0.6813693 0.6619948 0.3122479 0.6737444 0.6434321 0.3634055 0.7308188 0.5520962 0.4013649 0.6367384 0.6644062 0.3913167 0.7424967 0.5440009 0.3908475 0.7578327 0.5759877 0.3064763 0.7188493 0.636533 0.2794307 0.8028251 0.5379794 0.2570024 0.7183449 0.6603321 -0.2189572 0.7440332 0.6584691 -0.1132835 0.7850086 0.6129158 -0.08997631 0.7130168 0.6976971 -0.06946855 0.7351033 0.5295089 0.4233716 0.704294 0.4811035 0.5220245 0.7248136 0.4315738 0.5370188 0.6678493 0.5012356 0.5502184 0.762488 0.4063645 0.5034682 0.783603 0.4401232 0.4384724 0.7467713 0.5214186 0.4128624 0.8285055 0.4007179 0.391157 0.827625 0.4901827 0.2734185 0.8193011 0.4719973 0.3255218 0.840539 0.42184 0.3399197 0.7507163 0.5284579 0.396431 0.8893827 0.06063824 0.4531241 0.8626098 0.02999013 0.5049803 0.8582621 -0.07564067 0.5076069 0.8317101 0.06621259 0.5512481 -0.7420533 0.4945004 0.4525774 -0.7346343 0.4530457 0.5050368 -0.6884824 0.4709169 0.55157 -0.7853577 0.3541026 0.5077643 -0.4590777 0.731309 0.5044155 -0.4604907 0.7725577 0.4371533 -0.5212945 0.7598078 0.3885155 -0.3923 0.821981 0.4128538 -0.4790779 0.831855 0.2801813 -0.480504 0.8142123 0.3258438 -0.3922652 0.8296744 0.3972009 -0.5211897 0.7830263 0.3394574 -0.3778163 0.8389244 0.3917407 -0.3758959 0.8704706 0.317779 -0.4383733 0.8588 0.2651255 -0.307893 0.9067757 0.2880274 -0.3074051 0.933373 -0.1852487 -0.3294274 0.9408564 -0.07916438 -0.2784584 0.9598829 -0.03294974 -0.3933777 0.9180381 -0.04960054 -0.378777 0.8232166 0.4228977 -0.3758145 0.7655218 0.5222452 -0.3386328 0.7652394 0.5474823 -0.4156673 0.734519 0.5363792 -0.3005891 0.7906231 0.5334429 -0.3041971 0.8345173 0.4593965 -0.364319 0.8324666 0.4174579 -0.2311818 0.8715887 0.4323057 -0.2665542 0.9099555 0.3176946 -0.2687519 0.8919875 0.3634978 -0.2303136 0.8920764 0.3887872 -0.3642728 0.8401595 0.4017927 0.03297066 0.8159218 0.5772214 0.03664571 0.7701823 0.6367703 0.1316159 0.7311404 0.6694109 -0.03355264 0.745963 0.6651417 -0.8893851 -0.06064194 -0.453119 -0.8626097 -0.02999287 -0.5049803 -0.8317068 -0.06621944 -0.5512523 -0.8582624 0.07564145 -0.5076062 -0.762486 -0.4063637 -0.5034716 -0.783602 -0.4401261 -0.4384713 -0.8285067 -0.40072 -0.3911525 -0.7467688 -0.5214236 -0.4128606 -0.8276244 -0.4901814 -0.273423 -0.8193005 -0.4719974 -0.3255227 -0.750713 -0.5284602 -0.396434 -0.8405389 -0.4218395 -0.3399205 -0.7424971 -0.5439963 -0.3908533 -0.7578352 -0.5759857 -0.3064743 -0.8028228 -0.5379813 -0.2570056 -0.7188485 -0.636536 -0.2794259 -0.7183437 -0.6603343 0.2189543 -0.7440295 -0.6584728 0.1132861 -0.7130136 -0.6977002 0.06947052 -0.7850077 -0.6129169 0.08997809 -0.7351057 -0.52951 -0.4233663 -0.7042948 -0.4811028 -0.522024 -0.6678446 -0.5012374 -0.5502226 -0.7248147 -0.4315714 -0.5370196 -0.6455535 -0.5453531 -0.5346502 -0.6689687 -0.5800995 -0.464721 -0.7268959 -0.5450501 -0.4177832 -0.6265501 -0.6445186 -0.4382133 -0.6813658 -0.6619998 -0.3122451 -0.6737411 -0.6434357 -0.3634055 -0.6367391 -0.6644074 -0.3913135 -0.7308213 -0.5520901 -0.4013687 -0.3612763 -0.7274056 -0.5834043 -0.337063 -0.6899247 -0.6406189 -0.2413589 -0.7013804 -0.6706798 -0.3807741 -0.6373377 -0.6699342 -0.03297394 -0.8159266 -0.5772146 -0.03664976 -0.770179 -0.6367741 0.03355461 -0.7459582 -0.6651471 -0.1316202 -0.7311382 -0.6694125 0.3005954 -0.790619 -0.5334455 0.3042041 -0.8345236 -0.4593804 0.2311908 -0.8715928 -0.4322927 0.3643319 -0.8324719 -0.4174361 0.2666769 -0.9119471 -0.3118269 0.2691867 -0.8920929 -0.3629171 0.3642796 -0.8405766 -0.4009134 0.2303151 -0.8921925 -0.3885197 0.3778111 -0.8393422 -0.39085 0.3753445 -0.8751693 -0.3052791 0.3119703 -0.9082756 -0.2787653 0.4325706 -0.8644878 -0.2560148 0.2987098 -0.9280704 0.2223913 0.3220681 -0.939478 0.1168475 0.3792036 -0.920404 0.09519034 0.2763095 -0.9583472 0.07227587 0.3787771 -0.8232308 -0.42287 0.3758142 -0.7655242 -0.5222418 0.4156671 -0.7345225 -0.5363745 0.3386298 -0.7652422 -0.54748 0.4590754 -0.7313119 -0.5044133 0.4604889 -0.7725697 -0.4371342 0.3922896 -0.8219959 -0.4128337 0.5212771 -0.7598231 -0.3885086 0.4781661 -0.8349379 -0.2724629 0.4799264 -0.8147775 -0.3252821 0.521165 -0.7832124 -0.3390656 0.3922489 -0.8301179 -0.3962892 0.7420501 -0.4945107 -0.4525714 0.734629 -0.4530466 -0.5050437 0.7853529 -0.3541035 -0.5077712 0.6884862 -0.4709144 -0.5515672 0.8768277 -0.2912268 -0.3825705 0.853289 -0.2739638 -0.4436686 0.8622167 -0.2082394 -0.461756 0.7911025 -0.3454375 -0.5048066 0.9693638 0.04103052 -0.2421787 0.9858059 0.02210772 -0.1664273 0.9874017 -0.05557686 -0.1481527 0.990974 0.08259761 -0.105585 0.998827 -0.04755449 -0.009123682 0.9976634 -0.03276544 -0.05995196 0.9930499 0.07783043 -0.08828598 0.9928453 -0.07012069 -0.09665113 0.9930474 0.09029293 -0.07552641 0.997745 0.06641018 0.009739041 0.9995111 -0.009293854 0.02985256 0.9906114 0.1187859 0.06766748 0.862209 -0.08215522 0.4998462 0.9118415 -0.05240446 0.4071844 0.9189644 0.01143962 0.3941744 0.9290556 -0.09748387 0.3568649 0.9888815 0.100084 -0.1099847 0.967289 0.1292797 -0.2182627 0.9560371 0.180368 -0.2312153 0.9624097 0.09269231 -0.2552952 0.9567127 0.2189661 -0.1917155 0.9729338 0.1983927 -0.1184908 0.9888753 0.1125558 -0.09724742 0.9653416 0.2531009 -0.06368446 0.9835696 0.1719644 0.05494809 0.9824663 0.1864276 0.002138435 0.9710084 0.2388256 -0.01025474 0.9909563 0.1077877 -0.07992243 0.8130368 0.5640966 -0.1441057 0.7910642 0.5765638 -0.2044305 0.7193323 0.6586216 -0.2208589 0.8076764 0.5324897 -0.2532069 0.6577561 0.7463371 -0.1016752 0.6529217 0.738756 -0.1671311 0.6018132 0.7736851 -0.1980714 0.7164473 0.6620197 -0.2200755 0.3422981 0.9391067 -0.03017848 0.3411986 0.9387091 0.04907888 0.4054644 0.9100812 0.08573842 0.2687669 0.9587257 0.09278708 0.3582565 0.9084429 0.2153689 0.3603039 0.9179255 0.1661142 0.2683198 0.9569995 0.1102571 0.4043025 0.9039098 0.139594 0.253085 0.9600782 0.1191552 0.2498056 0.9476026 0.1991145 0.3145611 0.918259 0.2405238 0.1785231 0.9543353 0.2395284 0.1956412 0.7419588 0.6412658 0.2112604 0.801247 0.5597966 0.1547368 0.8371278 0.5246655 0.2768308 0.802237 0.528943 0.2540876 0.9635311 0.08394855 0.2548164 0.9665117 -0.03039556 0.2115068 0.9757277 -0.05674886 0.2975975 0.9529818 -0.05710798 0.1670426 0.9854908 -0.03008085 0.1682192 0.9844558 0.05049067 0.2388796 0.9665998 0.09285145 0.09761995 0.991259 0.08874779 0.1362134 0.9672362 0.2142427 0.1390119 0.9762345 0.1662591 0.09579718 0.9853755 0.1409186 0.2384277 0.9648752 0.1103088 -0.1807358 0.979992 -0.08336865 -0.1819859 0.9710936 -0.1544617 -0.2698086 0.9409384 -0.2045443 -0.1204062 0.9745609 -0.1890329 -0.4679404 0.8740338 -0.1307547 -0.437913 0.8769079 -0.1981534 -0.4771436 0.8421801 -0.2511309 -0.3353226 0.9170874 -0.2156607 -0.7314122 0.6536509 -0.1943626 -0.7578983 0.6421499 -0.1150388 -0.7217442 0.6899238 -0.05559355 -0.8055276 0.5846004 -0.09678822 -0.7710132 0.6345217 0.0540474 -0.7631878 0.6461699 0.003002107 -0.8096633 0.5814788 -0.07954692 -0.7323182 0.6809183 -0.007771313 -0.8195168 0.5680757 -0.07538127 -0.8352316 0.5498252 0.008986413 -0.802807 0.5924783 0.06686246 -0.874222 0.4845973 0.03002029 -0.7894148 0.3516882 0.50313 -0.8187018 0.4030379 0.4090083 -0.8552155 0.3717452 0.361126 -0.7939921 0.4636004 0.3932573 -0.8115121 0.5740451 -0.1091802 -0.7780553 0.5890188 -0.2183734 -0.7908576 0.5574524 -0.252569 -0.7476559 0.6230955 -0.2297013 -0.8208148 0.5181419 -0.2404002 -0.8452304 0.5093102 -0.1618298 -0.821371 0.5606409 -0.1050317 -0.8865007 0.4398772 -0.1436124 -0.8924649 0.4510356 -0.008570969 -0.8841969 0.4633267 -0.05936479 -0.8977931 0.4302113 -0.09426593 -0.8255068 0.5575221 -0.08779257 -0.9077895 0.1855552 -0.3761482 -0.8785393 0.1892741 -0.4385704 -0.8596471 0.09312647 -0.5023291 -0.8530812 0.2552018 -0.4551095 -0.2129883 -0.5323717 -0.819278 -0.2542385 -0.5809801 -0.7731914 -0.3246716 -0.5620527 -0.7607136 -0.2114964 -0.6616437 -0.7193726 -0.4349229 -0.288531 -0.85299 -0.3842995 -0.2333047 -0.893243 -0.3069019 -0.2605962 -0.9153693 -0.4031075 -0.1604617 -0.9009752 -0.255427 -0.1560711 -0.9541482 -0.2871931 -0.1858866 -0.9396629 -0.3920546 -0.1495306 -0.907708 -0.2749322 -0.2292302 -0.9337375 -0.3959263 -0.1329175 -0.9086118 -0.3458827 -0.08453756 -0.9344617 -0.2669816 -0.1091967 -0.9574952 -0.3606501 -9.6266e-5 -0.9327013 0.04214668 0.2528078 -0.9665981 -0.04527574 0.1819428 -0.9822663 -0.1185075 0.2017053 -0.9722505 -0.03536385 0.1091333 -0.993398 -0.4189152 -0.1545819 -0.8947707 -0.4901242 -0.2270956 -0.8415497 -0.5348905 -0.2093574 -0.8185729 -0.4779669 -0.2727037 -0.8349733 -0.546948 -0.1567044 -0.8223695 -0.4970889 -0.1086734 -0.8608675 -0.4227793 -0.1379451 -0.8956723 -0.5124532 -0.0310859 -0.8581523 -0.4029034 0.01591616 -0.9151041 -0.4341166 -0.01432472 -0.9007428 -0.4771293 0.003532886 -0.8788261 -0.4117207 -0.1270427 -0.9024114 -0.759027 0.08284658 -0.6457666 -0.797075 0.04236674 -0.6023923 -0.8530865 0.08135133 -0.5153887 -0.7917838 -0.02282321 -0.610375 0.7036178 -0.3024135 -0.6430149 0.7152562 -0.3559561 -0.6014183 0.6762395 -0.410375 -0.6117946 0.7844165 -0.349412 -0.5124471 0.3968994 -0.4065072 -0.8229356 0.3774672 -0.3393426 -0.8616062 0.4300848 -0.2793734 -0.858474 0.2995604 -0.3283326 -0.8958021 0.3563825 -0.1799469 -0.9168483 0.3699541 -0.2260953 -0.9011188 0.2951577 -0.3128307 -0.9027839 0.4165927 -0.2317976 -0.8790452 0.2786381 -0.3101994 -0.908921 0.2569589 -0.2369418 -0.9369263 0.3085568 -0.1730814 -0.9353264 0.1792215 -0.2218275 -0.9584739 0.08681398 0.2431057 -0.9661071 0.1258342 0.1440039 -0.9815441 0.08289134 0.08390861 -0.9930199 0.1943283 0.1323394 -0.9719685 0.2883294 -0.3405302 -0.8949332 0.3146688 -0.4391288 -0.8415161 0.2843903 -0.4700233 -0.8355838 0.3608477 -0.4455352 -0.8193213 0.2415363 -0.4634024 -0.8525951 0.2235143 -0.3880153 -0.8941396 0.2717912 -0.3378939 -0.9010868 0.139559 -0.3744623 -0.9166795 0.1445864 -0.2589277 -0.9550138 0.1582356 -0.3026587 -0.939872 0.1274823 -0.333133 -0.9342221 0.2674031 -0.3224165 -0.9080436 -0.07332623 -0.5644335 -0.8222154 -0.05963778 -0.6268851 -0.7768259 -0.1399034 -0.6784852 -0.7211692 0.01748669 -0.6422817 -0.7662692 0.6917727 0.6142388 -0.3796858 0.730499 0.6018521 -0.3227156 0.7702465 0.5476871 -0.3267404 0.7180784 0.6591504 -0.2233479 0.7455438 0.3128621 -0.5884572 0.6907098 0.3232885 -0.646842 0.6519218 0.3940488 -0.6478607 0.6675217 0.2602927 -0.697612 0.5565772 0.3691849 -0.744261 0.5992296 0.3629816 -0.7135603 0.6540446 0.262685 -0.7093816 0.6118677 0.4008949 -0.6818368 0.6484786 0.2491887 -0.7192918 0.5799389 0.2594692 -0.772235 0.5404112 0.3279153 -0.7748726 0.5496467 0.1979563 -0.8116045 0.1083804 0.2784776 -0.9543082 0.2098646 0.2804939 -0.9366323 0.2487477 0.2219297 -0.9428 0.2394344 0.3378767 -0.9102255 0.6751587 0.2443782 -0.6960172 0.7547497 0.2270826 -0.6154563 0.773958 0.1798801 -0.6071509 0.7680937 0.2650995 -0.5828846 0.7575618 0.1395099 -0.6376811 0.7026613 0.1536573 -0.6947349 0.6695855 0.2308665 -0.7059434 0.673552 0.0896039 -0.7336885 0.5721205 0.1492938 -0.8064673 0.6145088 0.1439388 -0.7756679 0.6332765 0.0963394 -0.7679061 0.6561143 0.2332766 -0.7177019 0.7504096 -0.2309461 -0.6193138 0.7891417 -0.2433497 -0.5639473 0.7880017 -0.3439514 -0.5106379 0.8215792 -0.1887239 -0.5379508 -0.1994295 0.9023038 -0.3821987 -0.1920446 0.9293778 -0.3152392 -0.1268844 0.9471614 -0.2945939 -0.2723439 0.9303576 -0.2454867 0.1372995 0.8698627 -0.4738013 0.1283576 0.8294483 -0.5436357 0.05278056 0.8190662 -0.5712659 0.1926961 0.7913929 -0.5801427 0.07516223 0.7354205 -0.6734296 0.08401852 0.7673937 -0.6356476 0.1900421 0.7813133 -0.5945028 0.04463702 0.7888736 -0.6129324 0.2035264 0.7723803 -0.6016691 0.1899497 0.7209033 -0.6664964 0.1152372 0.7096933 -0.6950223 0.2485437 0.673663 -0.6959916 0.08185428 0.3109316 -0.9469011 0.1068559 0.4057607 -0.9077115 0.1730704 0.4190439 -0.8913186 0.05641514 0.4554745 -0.8884596 0.2086634 0.792505 -0.5730581 0.2240629 0.8507241 -0.4754624 0.2688621 0.8504863 -0.4520911 0.1846507 0.8727716 -0.4518561 0.3087933 0.8246853 -0.4738575 0.2961488 0.784992 -0.5441356 0.2221649 0.7835732 -0.5802206 0.3576444 0.7386651 -0.5713707 0.2965667 0.6759642 -0.6746262 0.3048698 0.7090525 -0.6358452 0.349693 0.7083451 -0.6131576 0.219491 0.7734807 -0.594602 0.6338154 0.6816608 -0.3655362 0.6409487 0.7062887 -0.3005679 0.7161954 0.6613516 -0.2228865 0.5937702 0.7532169 -0.2830217 -0.7619577 0.174924 -0.6235561 -0.8026393 0.1837568 -0.5674537 -0.8019428 0.251599 -0.5418354 -0.8535551 0.09269517 -0.5126903 -0.5878163 0.4992825 -0.6365445 -0.5311644 0.4838141 -0.695549 -0.5383781 0.4111217 -0.7356141 -0.468573 0.5312309 -0.7058564 -0.4298629 0.4138203 -0.8024779 -0.4643471 0.4279122 -0.7754181 -0.456376 0.5269366 -0.7169789 -0.5018258 0.3976863 -0.7681254 -0.4422369 0.5367642 -0.7185478 -0.3861868 0.51543 -0.7649784 -0.3902801 0.4421082 -0.8076025 -0.3126133 0.5577878 -0.7688601 0.03951394 0.2977681 -0.9538202 -0.05558192 0.353864 -0.933644 -0.05411016 0.4210289 -0.9054318 -0.1255542 0.3230236 -0.9380256 -0.4667865 0.5454398 -0.6961364 -0.5449812 0.56967 -0.6152006 -0.5384729 0.6061801 -0.5853141 -0.5821717 0.5403349 -0.6075479 -0.4979388 0.635114 -0.5904974 -0.4426096 0.6172899 -0.6504229 -0.4526702 0.5552695 -0.6976858 -0.3718702 0.6617232 -0.6510261 -0.3068298 0.5977687 -0.7406269 -0.3426152 0.6116408 -0.7130991 -0.3353239 0.6488238 -0.6830707 -0.4404599 0.5509722 -0.7088192 -0.3043617 0.8623951 -0.4045229 -0.3484171 0.8704386 -0.3477675 -0.3123037 0.9154007 -0.2539843 -0.4152366 0.8378845 -0.3542995</float_array>
          <technique_common>
            <accessor source="#Sphere_soccerball-mesh-normals-array" count="720" stride="3">
              <param name="X" type="float"/>
              <param name="Y" type="float"/>
              <param name="Z" type="float"/>
            </accessor>
          </technique_common>
        </source>
        <source id="Sphere_soccerball-mesh-map-0">
          <float_array id="Sphere_soccerball-mesh-map-0-array" count="4320">0.288184 0.976108 0.252305 1.004754 0.252908 0.969674 0.288787 0.941028 0.288184 0.976108 0.252908 0.969674 0.324062 0.947461 0.288184 0.976108 0.288787 0.941028 0.288787 0.941028 0.252908 0.969674 0.253512 0.934594 0.796058 0.510625 0.839962 0.496745 0.828611 0.537198 0.784708 0.551078 0.796058 0.510625 0.828611 0.537198 0.752155 0.524504 0.796058 0.510625 0.784708 0.551078 0.784708 0.551078 0.828611 0.537198 0.81726 0.577652 0.784711 0.590281 0.752163 0.60291 0.752159 0.563707 0.752159 0.563707 0.784708 0.551078 0.784711 0.590281 0.81726 0.577652 0.784711 0.590281 0.784708 0.551078 0.784708 0.551078 0.752159 0.563707 0.752155 0.524504 0.784711 0.590281 0.81726 0.577652 0.807952 0.609664 0.807952 0.609664 0.775403 0.622293 0.784711 0.590281 0.752163 0.60291 0.784711 0.590281 0.775403 0.622293 0.775403 0.622293 0.807952 0.609664 0.798644 0.641677 0.776164 0.649459 0.753684 0.657242 0.752923 0.630076 0.752923 0.630076 0.775403 0.622293 0.776164 0.649459 0.798644 0.641677 0.776164 0.649459 0.775403 0.622293 0.775403 0.622293 0.752923 0.630076 0.752163 0.60291 0.858873 0.571893 0.81726 0.577652 0.828611 0.537198 0.828611 0.537198 0.870224 0.53144 0.858873 0.571893 0.900486 0.566134 0.858873 0.571893 0.870224 0.53144 0.870224 0.53144 0.828611 0.537198 0.839962 0.496745 0.858873 0.571893 0.900486 0.566134 0.880186 0.600172 0.880186 0.600172 0.838573 0.605931 0.858873 0.571893 0.81726 0.577652 0.858873 0.571893 0.838573 0.605931 0.838573 0.605931 0.880186 0.600172 0.859886 0.63421 0.829265 0.637943 0.798644 0.641677 0.807952 0.609664 0.807952 0.609664 0.838573 0.605931 0.829265 0.637943 0.859886 0.63421 0.829265 0.637943 0.838573 0.605931 0.838573 0.605931 0.807952 0.609664 0.81726 0.577652 0.889129 0.633398 0.859886 0.63421 0.880186 0.600172 0.880186 0.600172 0.909429 0.59936 0.889129 0.633398 0.918372 0.632585 0.889129 0.633398 0.909429 0.59936 0.909429 0.59936 0.880186 0.600172 0.900486 0.566134 0.21636 0.976134 0.180415 0.947513 0.216964 0.941054 0.216964 0.941054 0.252908 0.969674 0.21636 0.976134 0.252305 1.004754 0.21636 0.976134 0.252908 0.969674 0.252908 0.969674 0.216964 0.941054 0.253512 0.934594 0.708254 0.510625 0.752155 0.524504 0.7196 0.551084 0.7196 0.551084 0.675699 0.537204 0.708254 0.510625 0.664353 0.496745 0.708254 0.510625 0.675699 0.537204 0.675699 0.537204 0.7196 0.551084 0.687045 0.577663 0.645432 0.571889 0.603819 0.566114 0.634086 0.53143 0.634086 0.53143 0.675699 0.537204 0.645432 0.571889 0.687045 0.577663 0.645432 0.571889 0.675699 0.537204 0.675699 0.537204 0.634086 0.53143 0.664353 0.496745 0.645432 0.571889 0.687045 0.577663 0.665713 0.605961 0.665713 0.605961 0.624101 0.600187 0.645432 0.571889 0.603819 0.566114 0.645432 0.571889 0.624101 0.600187 0.624101 0.600187 0.665713 0.605961 0.644382 0.634259 0.613778 0.635001 0.583174 0.635742 0.593496 0.600928 0.593496 0.600928 0.624101 0.600187 0.613778 0.635001 0.644382 0.634259 0.613778 0.635001 0.624101 0.600187 0.624101 0.600187 0.593496 0.600928 0.603819 0.566114 0.719604 0.590286 0.687045 0.577663 0.7196 0.551084 0.7196 0.551084 0.752159 0.563707 0.719604 0.590286 0.752163 0.60291 0.719604 0.590286 0.752159 0.563707 0.752159 0.563707 0.7196 0.551084 0.752155 0.524504 0.719604 0.590286 0.752163 0.60291 0.728918 0.622312 0.728918 0.622312 0.696359 0.609689 0.719604 0.590286 0.687045 0.577663 0.719604 0.590286 0.696359 0.609689 0.696359 0.609689 0.728918 0.622312 0.705673 0.641715 0.675028 0.637987 0.644382 0.634259 0.665713 0.605961 0.665713 0.605961 0.696359 0.609689 0.675028 0.637987 0.705673 0.641715 0.675028 0.637987 0.696359 0.609689 0.696359 0.609689 0.665713 0.605961 0.687045 0.577663 0.728918 0.622312 0.752163 0.60291 0.752923 0.630076 0.752923 0.630076 0.729679 0.649478 0.728918 0.622312 0.705673 0.641715 0.728918 0.622312 0.729679 0.649478 0.752923 0.630076 0.753684 0.657242 0.729679 0.649478 0.876512 0.662857 0.859886 0.63421 0.889129 0.633398 0.889129 0.633398 0.905755 0.662045 0.876512 0.662857 0.893138 0.691505 0.876512 0.662857 0.905755 0.662045 0.905755 0.662045 0.889129 0.633398 0.918372 0.632585 0.876512 0.662857 0.893138 0.691505 0.862191 0.690264 0.862191 0.690264 0.845565 0.661617 0.876512 0.662857 0.859886 0.63421 0.876512 0.662857 0.845565 0.661617 0.845565 0.661617 0.862191 0.690264 0.831245 0.689023 0.814945 0.66535 0.798644 0.641677 0.829265 0.637943 0.829265 0.637943 0.845565 0.661617 0.814945 0.66535 0.831245 0.689023 0.814945 0.66535 0.845565 0.661617 0.845565 0.661617 0.829265 0.637943 0.859886 0.63421 0.814945 0.66535 0.831245 0.689023 0.804301 0.690079 0.804301 0.690079 0.7880001 0.666406 0.814945 0.66535 0.798644 0.641677 0.814945 0.66535 0.7880001 0.666406 0.7880001 0.666406 0.804301 0.690079 0.777357 0.691135 0.76552 0.674188 0.753684 0.657242 0.776164 0.649459 0.776164 0.649459 0.7880001 0.666406 0.76552 0.674188 0.777357 0.691135 0.76552 0.674188 0.7880001 0.666406 0.7880001 0.666406 0.776164 0.649459 0.798644 0.641677 0.843643 0.714975 0.831245 0.689023 0.862191 0.690264 0.862191 0.690264 0.87459 0.716215 0.843643 0.714975 0.856042 0.740926 0.843643 0.714975 0.87459 0.716215 0.87459 0.716215 0.862191 0.690264 0.893138 0.691505 0.843643 0.714975 0.856042 0.740926 0.829253 0.737796 0.829253 0.737796 0.816855 0.711844 0.843643 0.714975 0.831245 0.689023 0.843643 0.714975 0.816855 0.711844 0.816855 0.711844 0.829253 0.737796 0.802464 0.734665 0.78991 0.7129 0.777357 0.691135 0.804301 0.690079 0.804301 0.690079 0.816855 0.711844 0.78991 0.7129 0.802464 0.734665 0.78991 0.7129 0.816855 0.711844 0.816855 0.711844 0.804301 0.690079 0.831245 0.689023 0.813618 0.753394 0.802464 0.734665 0.829253 0.737796 0.829253 0.737796 0.840407 0.756524 0.813618 0.753394 0.824772 0.772122 0.813618 0.753394 0.840407 0.756524 0.840407 0.756524 0.829253 0.737796 0.856042 0.740926 0.789896 0.756463 0.802464 0.734665 0.813618 0.753394 0.813618 0.753394 0.80105 0.775191 0.789896 0.756463 0.777327 0.77826 0.789896 0.756463 0.80105 0.775191 0.80105 0.775191 0.813618 0.753394 0.824772 0.772122 0.789896 0.756463 0.777327 0.77826 0.764751 0.756476 0.764751 0.756476 0.77732 0.734679 0.789896 0.756463 0.802464 0.734665 0.789896 0.756463 0.77732 0.734679 0.77732 0.734679 0.764751 0.756476 0.752175 0.734692 0.764766 0.712913 0.777357 0.691135 0.78991 0.7129 0.78991 0.7129 0.77732 0.734679 0.764766 0.712913 0.752175 0.734692 0.764766 0.712913 0.77732 0.734679 0.77732 0.734679 0.78991 0.7129 0.802464 0.734665 0.764766 0.712913 0.752175 0.734692 0.739572 0.712916 0.739572 0.712916 0.752163 0.691137 0.764766 0.712913 0.777357 0.691135 0.764766 0.712913 0.752163 0.691137 0.752163 0.691137 0.739572 0.712916 0.726969 0.69114 0.740326 0.674191 0.753684 0.657242 0.76552 0.674188 0.76552 0.674188 0.752163 0.691137 0.740326 0.674191 0.726969 0.69114 0.740326 0.674191 0.752163 0.691137 0.752163 0.691137 0.76552 0.674188 0.777357 0.691135 0.739614 0.756483 0.752175 0.734692 0.764751 0.756476 0.764751 0.756476 0.75219 0.778267 0.739614 0.756483 0.727052 0.778274 0.739614 0.756483 0.75219 0.778267 0.75219 0.778267 0.764751 0.756476 0.777327 0.77826 0.739614 0.756483 0.727052 0.778274 0.714467 0.756478 0.714467 0.756478 0.727029 0.734686 0.739614 0.756483 0.752175 0.734692 0.739614 0.756483 0.727029 0.734686 0.727029 0.734686 0.714467 0.756478 0.701882 0.734681 0.714426 0.71291 0.726969 0.69114 0.739572 0.712916 0.739572 0.712916 0.727029 0.734686 0.714426 0.71291 0.701882 0.734681 0.714426 0.71291 0.727029 0.734686 0.727029 0.734686 0.739572 0.712916 0.752175 0.734692 0.691392 0.753277 0.701882 0.734681 0.714467 0.756478 0.714467 0.756478 0.703977 0.775073 0.691392 0.753277 0.680901 0.771872 0.691392 0.753277 0.703977 0.775073 0.703977 0.775073 0.714467 0.756478 0.727052 0.778274 0.675113 0.737825 0.701882 0.734681 0.691392 0.753277 0.691392 0.753277 0.664623 0.756421 0.675113 0.737825 0.648344 0.740969 0.675113 0.737825 0.664623 0.756421 0.664623 0.756421 0.691392 0.753277 0.680901 0.771872 0.675113 0.737825 0.648344 0.740969 0.660718 0.715017 0.660718 0.715017 0.687487 0.711873 0.675113 0.737825 0.701882 0.734681 0.675113 0.737825 0.687487 0.711873 0.687487 0.711873 0.660718 0.715017 0.673092 0.689065 0.70003 0.690102 0.726969 0.69114 0.714425 0.71291 0.714425 0.71291 0.687487 0.711873 0.70003 0.690102 0.673092 0.689065 0.70003 0.690102 0.687487 0.711873 0.687487 0.711873 0.714425 0.71291 0.701882 0.734681 0.70003 0.690103 0.673092 0.689065 0.689383 0.66539 0.689383 0.66539 0.716321 0.666427 0.70003 0.690103 0.726969 0.69114 0.70003 0.690103 0.716321 0.666427 0.716321 0.666427 0.689383 0.66539 0.705673 0.641715 0.729679 0.649478 0.753684 0.657242 0.740326 0.674191 0.740326 0.674191 0.716321 0.666427 0.729679 0.649478 0.705673 0.641715 0.729679 0.649478 0.716321 0.666427 0.716321 0.666427 0.740326 0.674191 0.726969 0.69114 0.642168 0.690334 0.673092 0.689065 0.660718 0.715017 0.660718 0.715017 0.629794 0.716286 0.642168 0.690334 0.611244 0.691602 0.642168 0.690334 0.629794 0.716286 0.629794 0.716286 0.660718 0.715017 0.648344 0.740969 0.642168 0.690334 0.611244 0.691602 0.627813 0.662931 0.627813 0.662931 0.658737 0.661662 0.642168 0.690334 0.673092 0.689065 0.642168 0.690334 0.658737 0.661662 0.658737 0.661662 0.627813 0.662931 0.644382 0.634259 0.675028 0.637987 0.705673 0.641715 0.689383 0.66539 0.689383 0.66539 0.658737 0.661662 0.675028 0.637987 0.644382 0.634259 0.675028 0.637987 0.658737 0.661662 0.658737 0.661662 0.689383 0.66539 0.673092 0.689065 0.613778 0.635001 0.644382 0.634259 0.627813 0.662931 0.627813 0.662931 0.597209 0.663672 0.613778 0.635001 0.583174 0.635742 0.613778 0.635001 0.597209 0.663672 0.597209 0.663672 0.627813 0.662931 0.611244 0.691602 0.199797 0.912894 0.219178 0.878276 0.2363449 0.906435 0.2363449 0.906435 0.216964 0.941054 0.199797 0.912894 0.180415 0.947513 0.199797 0.912894 0.216964 0.941054 0.216964 0.941054 0.2363449 0.906435 0.253512 0.934594 0.199797 0.912894 0.180415 0.947513 0.164608 0.908583 0.164608 0.908583 0.18399 0.873964 0.199797 0.912894 0.219178 0.878276 0.199797 0.912894 0.18399 0.873964 0.18399 0.873964 0.164608 0.908583 0.148801 0.869653 0.171876 0.845569 0.194952 0.821485 0.207065 0.849881 0.207065 0.849881 0.18399 0.873964 0.171876 0.845569 0.148801 0.869653 0.171876 0.845569 0.18399 0.873964 0.18399 0.873964 0.207065 0.849881 0.219178 0.878276 0.171876 0.845569 0.148801 0.869653 0.14344 0.835138 0.14344 0.835138 0.1665149 0.811054 0.171876 0.845569 0.194952 0.821485 0.171876 0.845569 0.1665149 0.811054 0.1665149 0.811054 0.14344 0.835138 0.138079 0.800623 0.158859 0.786402 0.179641 0.772182 0.187296 0.796834 0.187296 0.796834 0.1665149 0.811054 0.158859 0.786402 0.138079 0.800623 0.158859 0.786402 0.1665149 0.811054 0.1665149 0.811054 0.187296 0.796834 0.194952 0.821485 0.119437 0.899714 0.148801 0.869653 0.164608 0.908583 0.164608 0.908583 0.135244 0.938644 0.119437 0.899714 0.09007298 0.929775 0.119437 0.899714 0.135244 0.938644 0.135244 0.938644 0.164608 0.908583 0.180415 0.947513 0.119437 0.899714 0.09007298 0.929775 0.08013695 0.88482 0.08013695 0.88482 0.109501 0.854758 0.119437 0.899714 0.148801 0.869653 0.119437 0.899714 0.109501 0.854758 0.109501 0.854758 0.08013695 0.88482 0.07020097 0.839864 0.10414 0.820244 0.138079 0.800623 0.14344 0.835138 0.14344 0.835138 0.109501 0.854758 0.10414 0.820244 0.07020097 0.839864 0.10414 0.820244 0.109501 0.854758 0.109501 0.854758 0.14344 0.835138 0.148801 0.869653 0.550742 0.617725 0.518311 0.599708 0.561065 0.582911 0.561065 0.582911 0.593496 0.600928 0.550742 0.617725 0.583174 0.635742 0.550742 0.617725 0.593496 0.600928 0.593496 0.600928 0.561065 0.582911 0.603819 0.566114 0.943188 0.582852 0.985891 0.59957 0.952132 0.616078 0.952132 0.616078 0.909429 0.59936 0.943188 0.582852 0.900486 0.566134 0.943188 0.582852 0.909429 0.59936 0.909429 0.59936 0.952132 0.616078 0.918372 0.632585 0.424327 0.884743 0.414404 0.929701 0.385035 0.899648 0.385035 0.899648 0.394958 0.85469 0.424327 0.884743 0.434251 0.839785 0.424327 0.884743 0.394958 0.85469 0.394958 0.85469 0.385035 0.899648 0.355666 0.869594 0.361015 0.835082 0.366365 0.800569 0.400308 0.820177 0.400308 0.820177 0.394958 0.85469 0.361015 0.835082 0.355666 0.869594 0.361015 0.835082 0.394958 0.85469 0.394958 0.85469 0.400308 0.820177 0.434251 0.839785 0.361015 0.835082 0.355666 0.869594 0.332585 0.84552 0.332585 0.84552 0.337934 0.811008 0.361015 0.835082 0.366365 0.800569 0.361015 0.835082 0.337934 0.811008 0.337934 0.811008 0.332585 0.84552 0.309504 0.821446 0.316501 0.796655 0.323498 0.771865 0.344931 0.786217 0.344931 0.786217 0.337934 0.811008 0.316501 0.796655 0.309504 0.821446 0.316501 0.796655 0.337934 0.811008 0.337934 0.811008 0.344931 0.786217 0.366365 0.800569 0.339864 0.908527 0.355666 0.869594 0.385035 0.899648 0.385035 0.899648 0.369233 0.938581 0.339864 0.908527 0.324062 0.947461 0.339864 0.908527 0.369233 0.938581 0.369233 0.938581 0.385035 0.899648 0.414404 0.929701 0.339864 0.908527 0.324062 0.947461 0.304688 0.912844 0.304688 0.912844 0.32049 0.87391 0.339864 0.908527 0.355666 0.869594 0.339864 0.908527 0.32049 0.87391 0.32049 0.87391 0.304688 0.912844 0.285315 0.878227 0.29741 0.849836 0.309504 0.821446 0.332585 0.84552 0.332585 0.84552 0.32049 0.87391 0.29741 0.849836 0.285315 0.878227 0.29741 0.849836 0.32049 0.87391 0.32049 0.87391 0.332585 0.84552 0.355666 0.869594 0.269413 0.906411 0.285315 0.878227 0.304688 0.912844 0.304688 0.912844 0.288787 0.941028 0.269413 0.906411 0.253512 0.934594 0.269413 0.906411 0.288787 0.941028 0.288787 0.941028 0.304688 0.912844 0.324062 0.947461 0.861199 0.77074 0.866357 0.800553 0.845565 0.786338 0.845565 0.786338 0.840407 0.756524 0.861199 0.77074 0.856042 0.740926 0.861199 0.77074 0.840407 0.756524 0.840407 0.756524 0.845565 0.786338 0.824772 0.772122 0.8612 0.77074 0.856042 0.740926 0.888427 0.748868 0.888427 0.748868 0.893584 0.778681 0.8612 0.77074 0.866357 0.800553 0.8612 0.77074 0.893584 0.778681 0.893584 0.778681 0.888427 0.748868 0.920811 0.75681 0.927534 0.798296 0.934257 0.839783 0.900307 0.820168 0.900307 0.820168 0.893584 0.778681 0.927534 0.798296 0.920811 0.75681 0.927534 0.798296 0.893584 0.778681 0.893584 0.778681 0.900307 0.820168 0.866357 0.800553 0.927534 0.798296 0.920811 0.75681 0.961519 0.767235 0.961519 0.767235 0.968242 0.808721 0.927534 0.798296 0.934257 0.839783 0.927534 0.798296 0.968242 0.808721 0.968242 0.808721 0.961519 0.767235 1.002227 0.777659 0.446802 0.663131 0.421177 0.635701 0.453602 0.617675 0.453602 0.617675 0.479228 0.645104 0.446802 0.663131 0.472428 0.69056 0.446802 0.663131 0.479228 0.645104 0.479228 0.645104 0.453602 0.617675 0.486028 0.599648 0.906974 0.724157 0.920811 0.75681 0.888427 0.748868 0.888427 0.748868 0.87459 0.716215 0.906974 0.724157 0.893138 0.691505 0.906974 0.724157 0.87459 0.716215 0.87459 0.716215 0.888427 0.748868 0.856042 0.740926 0.906974 0.724157 0.893138 0.691505 0.932802 0.691018 0.932802 0.691018 0.946639 0.723671 0.906974 0.724157 0.920811 0.75681 0.906974 0.724157 0.946639 0.723671 0.946639 0.723671 0.932802 0.691018 0.972467 0.690532 0.987347 0.734096 1.002227 0.777659 0.961519 0.767235 0.961519 0.767235 0.946639 0.723671 0.987347 0.734096 0.972467 0.690532 0.987347 0.734096 0.946639 0.723671 0.946639 0.723671 0.961519 0.767235 0.920811 0.75681 0.94542 0.661559 0.972467 0.690532 0.932802 0.691018 0.932802 0.691018 0.905755 0.662045 0.94542 0.661559 0.918372 0.632585 0.94542 0.661559 0.905755 0.662045 0.905755 0.662045 0.932802 0.691018 0.893138 0.691505 0.710984 0.799862 0.694915 0.82145 0.687908 0.796661 0.687908 0.796661 0.703977 0.775073 0.710984 0.799862 0.727052 0.778274 0.710984 0.799862 0.703977 0.775073 0.703977 0.775073 0.687908 0.796661 0.680901 0.771872 0.710984 0.799862 0.727052 0.778274 0.739624 0.802123 0.739624 0.802123 0.723555 0.823712 0.710984 0.799862 0.694915 0.82145 0.710984 0.799862 0.723555 0.823712 0.723555 0.823712 0.739624 0.802123 0.752196 0.825973 0.735662 0.8521 0.719129 0.878226 0.707022 0.849838 0.707022 0.849838 0.723555 0.823712 0.735662 0.8521 0.752196 0.825973 0.735662 0.8521 0.723555 0.823712 0.723555 0.823712 0.707022 0.849838 0.694915 0.82145 0.735662 0.8521 0.752196 0.825973 0.768734 0.852112 0.768734 0.852112 0.7522 0.878238 0.735662 0.8521 0.719129 0.878226 0.735662 0.8521 0.7522 0.878238 0.7522 0.878238 0.768734 0.852112 0.785272 0.878251 0.768114 0.906419 0.750956 0.934588 0.735042 0.906407 0.735042 0.906407 0.7522 0.878238 0.768114 0.906419 0.785272 0.878251 0.768114 0.906419 0.7522 0.878238 0.7522 0.878238 0.735042 0.906407 0.719129 0.878226 0.764761 0.802117 0.752196 0.825973 0.739624 0.802123 0.739624 0.802123 0.75219 0.778267 0.764761 0.802117 0.777327 0.77826 0.764761 0.802117 0.75219 0.778267 0.75219 0.778267 0.739624 0.802123 0.727052 0.778274 0.764761 0.802117 0.777327 0.77826 0.793404 0.799851 0.793404 0.799851 0.780838 0.823708 0.764761 0.802117 0.752196 0.825973 0.764761 0.802117 0.780838 0.823708 0.780838 0.823708 0.793404 0.799851 0.80948 0.821443 0.797376 0.849847 0.785272 0.878251 0.768734 0.852112 0.768734 0.852112 0.780838 0.823708 0.797376 0.849847 0.80948 0.821443 0.797376 0.849847 0.780838 0.823708 0.780838 0.823708 0.768734 0.852112 0.752196 0.825973 0.817126 0.796782 0.80948 0.821443 0.793404 0.799851 0.793404 0.799851 0.80105 0.775191 0.817126 0.796782 0.824772 0.772122 0.817126 0.796782 0.80105 0.775191 0.80105 0.775191 0.793404 0.799851 0.777327 0.77826 0.571591 0.69111 0.531939 0.690618 0.557556 0.66318 0.557556 0.66318 0.597209 0.663672 0.571591 0.69111 0.611244 0.691602 0.571591 0.69111 0.597209 0.663672 0.597209 0.663672 0.557556 0.66318 0.583174 0.635742 0.571592 0.69111 0.611244 0.691602 0.597419 0.724239 0.597419 0.724239 0.557766 0.723747 0.571592 0.69111 0.531939 0.690618 0.571592 0.69111 0.557766 0.723747 0.557766 0.723747 0.597419 0.724239 0.583594 0.756876 0.542895 0.767306 0.502197 0.777737 0.517068 0.734177 0.517068 0.734177 0.557766 0.723747 0.542895 0.767306 0.583594 0.756876 0.542895 0.767306 0.557766 0.723747 0.557766 0.723747 0.517068 0.734177 0.531939 0.690618 0.542895 0.767306 0.583594 0.756876 0.576881 0.798356 0.576881 0.798356 0.536183 0.808787 0.542895 0.767306 0.502197 0.777737 0.542895 0.767306 0.536183 0.808787 0.536183 0.808787 0.576881 0.798356 0.570168 0.839837 0.05027598 0.619773 0.08225297 0.639709 0.05713188 0.665172 0.05713188 0.665172 0.02515488 0.645237 0.05027598 0.619773 0.01829898 0.599837 0.05027598 0.619773 0.02515488 0.645237 0.02515488 0.645237 0.05713188 0.665172 0.03201097 0.690636 0.615969 0.748923 0.583594 0.756876 0.597419 0.724239 0.597419 0.724239 0.629794 0.716286 0.615969 0.748923 0.648344 0.740969 0.615969 0.748923 0.629794 0.716286 0.629794 0.716286 0.597419 0.724239 0.611244 0.691602 0.615969 0.748923 0.648344 0.740969 0.643194 0.770782 0.643194 0.770782 0.610819 0.778735 0.615969 0.748923 0.583594 0.756876 0.615969 0.748923 0.610819 0.778735 0.610819 0.778735 0.643194 0.770782 0.638044 0.800594 0.604106 0.820216 0.570168 0.839837 0.576881 0.798356 0.576881 0.798356 0.610819 0.778735 0.604106 0.820216 0.638044 0.800594 0.604106 0.820216 0.610819 0.778735 0.610819 0.778735 0.576881 0.798356 0.583594 0.756876 0.659473 0.786233 0.638044 0.800594 0.643194 0.770782 0.643194 0.770782 0.664623 0.756421 0.659473 0.786233 0.680901 0.771872 0.659473 0.786233 0.664623 0.756421 0.664623 0.756421 0.643194 0.770782 0.648344 0.740969 0.2110159 0.79989 0.194952 0.821485 0.187296 0.796834 0.187296 0.796834 0.203361 0.775238 0.2110159 0.79989 0.227081 0.778295 0.2110159 0.79989 0.203361 0.775238 0.203361 0.775238 0.187296 0.796834 0.179641 0.772182 0.2110159 0.79989 0.227081 0.778295 0.239656 0.802143 0.239656 0.802143 0.223591 0.823738 0.2110159 0.79989 0.194952 0.821485 0.2110159 0.79989 0.223591 0.823738 0.223591 0.823738 0.239656 0.802143 0.252231 0.825991 0.235705 0.852134 0.219178 0.878276 0.207065 0.849881 0.207065 0.849881 0.223591 0.823738 0.235705 0.852134 0.252231 0.825991 0.235705 0.852134 0.223591 0.823738 0.223591 0.823738 0.207065 0.849881 0.194952 0.821485 0.235705 0.852134 0.252231 0.825991 0.268773 0.852109 0.268773 0.852109 0.252247 0.878251 0.235705 0.852134 0.219178 0.878276 0.235705 0.852134 0.252247 0.878251 0.252247 0.878251 0.268773 0.852109 0.285315 0.878227 0.269413 0.906411 0.253512 0.934594 0.2363449 0.906435 0.2363449 0.906435 0.252247 0.878251 0.269413 0.906411 0.285315 0.878227 0.269413 0.906411 0.252247 0.878251 0.252247 0.878251 0.2363449 0.906435 0.219178 0.878276 0.264791 0.802138 0.252231 0.825991 0.239656 0.802143 0.239656 0.802143 0.252216 0.77829 0.264791 0.802138 0.277352 0.778285 0.264791 0.802138 0.252216 0.77829 0.252216 0.77829 0.239656 0.802143 0.227081 0.778295 0.264791 0.802138 0.277352 0.778285 0.293428 0.799866 0.293428 0.799866 0.280868 0.823718 0.264791 0.802138 0.252231 0.825991 0.264791 0.802138 0.280868 0.823718 0.280868 0.823718 0.293428 0.799866 0.309504 0.821446 0.29741 0.849836 0.285315 0.878227 0.268773 0.852109 0.268773 0.852109 0.280868 0.823719 0.29741 0.849836 0.309504 0.821446 0.29741 0.849836 0.280868 0.823719 0.280868 0.823719 0.268773 0.852109 0.252231 0.825991 0.316501 0.796655 0.309504 0.821446 0.293428 0.799866 0.293428 0.799866 0.300425 0.775075 0.316501 0.796655 0.323498 0.771865 0.316501 0.796655 0.300425 0.775075 0.300425 0.775075 0.293428 0.799866 0.277352 0.778285 0.361204 0.77076 0.366365 0.800569 0.344931 0.786217 0.344931 0.786217 0.33977 0.756407 0.361204 0.77076 0.356043 0.74095 0.361204 0.77076 0.33977 0.756407 0.33977 0.756407 0.344931 0.786217 0.323498 0.771865 0.361204 0.77076 0.356043 0.74095 0.38842 0.748891 0.38842 0.748891 0.393581 0.778701 0.361204 0.77076 0.366365 0.800569 0.361204 0.77076 0.393581 0.778701 0.393581 0.778701 0.38842 0.748891 0.420797 0.756833 0.427524 0.798309 0.434251 0.839785 0.400308 0.820177 0.400308 0.820177 0.393581 0.778701 0.427524 0.798309 0.420797 0.756833 0.427524 0.798309 0.393581 0.778701 0.393581 0.778701 0.400308 0.820177 0.366365 0.800569 0.427524 0.798309 0.420797 0.756833 0.461497 0.767249 0.461497 0.767249 0.468224 0.808725 0.427524 0.798309 0.434251 0.839785 0.427524 0.798309 0.468224 0.808725 0.468224 0.808725 0.461497 0.767249 0.502197 0.777665 0.94542 0.661559 0.918372 0.632585 0.952132 0.616078 0.952132 0.616078 0.979179 0.645051 0.94542 0.661559 0.972467 0.690532 0.94542 0.661559 0.979179 0.645051 0.979179 0.645051 0.952132 0.616078 0.985891 0.59957 0.406961 0.724201 0.420797 0.756833 0.38842 0.748891 0.38842 0.748891 0.374584 0.71626 0.406961 0.724201 0.393124 0.69157 0.406961 0.724201 0.374584 0.71626 0.374584 0.71626 0.38842 0.748891 0.356043 0.74095 0.406961 0.724201 0.393124 0.69157 0.432776 0.691065 0.432776 0.691065 0.446612 0.723696 0.406961 0.724201 0.420797 0.756833 0.406961 0.724201 0.446612 0.723696 0.446612 0.723696 0.432776 0.691065 0.472428 0.69056 0.487312 0.734112 0.502197 0.777665 0.461497 0.767249 0.461497 0.767249 0.446612 0.723696 0.487312 0.734112 0.472428 0.69056 0.487312 0.734112 0.446612 0.723696 0.446612 0.723696 0.461497 0.767249 0.420797 0.756833 0.446802 0.663131 0.472428 0.69056 0.432776 0.691065 0.432776 0.691065 0.407151 0.663636 0.446802 0.663131 0.421177 0.635701 0.446802 0.663131 0.407151 0.663636 0.407151 0.663636 0.432776 0.691065 0.393124 0.69157 0.443269 0.582864 0.486028 0.599648 0.453602 0.617675 0.453602 0.617675 0.410844 0.600891 0.443269 0.582864 0.400511 0.56608 0.443269 0.582864 0.410844 0.600891 0.410844 0.600891 0.453602 0.617675 0.421177 0.635701 0.924334 0.884747 0.914411 0.929711 0.885034 0.899656 0.885034 0.899656 0.894956 0.854692 0.924334 0.884747 0.934257 0.839783 0.924334 0.884747 0.894956 0.854692 0.894956 0.854692 0.885034 0.899656 0.855656 0.8696 0.861007 0.835077 0.866357 0.800553 0.900307 0.820168 0.900307 0.820168 0.894956 0.854692 0.861007 0.835077 0.855656 0.8696 0.861007 0.835077 0.894956 0.854692 0.894956 0.854692 0.900307 0.820168 0.934257 0.839783 0.861007 0.835077 0.855656 0.8696 0.832568 0.845521 0.832568 0.845521 0.837919 0.810998 0.861007 0.835077 0.866357 0.800553 0.861007 0.835077 0.837919 0.810998 0.837919 0.810998 0.832568 0.845521 0.80948 0.821443 0.817126 0.796782 0.824772 0.772122 0.845565 0.786338 0.845565 0.786338 0.837919 0.810998 0.817126 0.796782 0.80948 0.821443 0.817126 0.796782 0.837919 0.810998 0.837919 0.810998 0.845565 0.786338 0.866357 0.800553 0.83986 0.908541 0.855656 0.8696 0.885034 0.899656 0.885034 0.899656 0.869238 0.938596 0.83986 0.908541 0.824065 0.947481 0.83986 0.908541 0.869238 0.938596 0.869238 0.938596 0.885034 0.899656 0.914411 0.929711 0.83986 0.908541 0.824065 0.947481 0.804668 0.912866 0.804668 0.912866 0.820464 0.873926 0.83986 0.908541 0.855656 0.8696 0.83986 0.908541 0.820464 0.873926 0.820464 0.873926 0.804668 0.912866 0.785272 0.878251 0.797376 0.849847 0.80948 0.821443 0.832568 0.845521 0.832568 0.845521 0.820464 0.873926 0.797376 0.849847 0.785272 0.878251 0.797376 0.849847 0.820464 0.873926 0.820464 0.873926 0.832568 0.845521 0.855656 0.8696 0.768114 0.906419 0.785272 0.878251 0.804668 0.912866 0.804668 0.912866 0.78751 0.941035 0.768114 0.906419 0.750956 0.934588 0.768114 0.906419 0.78751 0.941035 0.78751 0.941035 0.804668 0.912866 0.824065 0.947481 0.699766 0.912854 0.719129 0.878226 0.735042 0.906407 0.735042 0.906407 0.71568 0.941034 0.699766 0.912854 0.680404 0.947481 0.699766 0.912854 0.71568 0.941034 0.71568 0.941034 0.735042 0.906407 0.750956 0.934588 0.699766 0.912853 0.680404 0.947481 0.664586 0.90855 0.664586 0.90855 0.683949 0.873923 0.699766 0.912853 0.719129 0.878226 0.699766 0.912853 0.683949 0.873923 0.683949 0.873923 0.664586 0.90855 0.648769 0.869619 0.671842 0.845535 0.694915 0.82145 0.707022 0.849838 0.707022 0.849838 0.683949 0.873923 0.671842 0.845535 0.648769 0.869619 0.671842 0.845535 0.683949 0.873923 0.683949 0.873923 0.707022 0.849838 0.719129 0.878226 0.671842 0.845535 0.648769 0.869619 0.643407 0.835107 0.643407 0.835107 0.66648 0.811022 0.671842 0.845535 0.694915 0.82145 0.671842 0.845535 0.66648 0.811022 0.66648 0.811022 0.643407 0.835107 0.638044 0.800594 0.659473 0.786233 0.680901 0.771872 0.687908 0.796661 0.687908 0.796661 0.66648 0.811022 0.659473 0.786233 0.638044 0.800594 0.659473 0.786233 0.66648 0.811022 0.66648 0.811022 0.687908 0.796661 0.694915 0.82145 0.619409 0.899686 0.648769 0.869619 0.664586 0.90855 0.664586 0.90855 0.635226 0.938616 0.619409 0.899686 0.590048 0.929752 0.619409 0.899686 0.635226 0.938616 0.635226 0.938616 0.664586 0.90855 0.680404 0.947481 0.619409 0.899686 0.590048 0.929752 0.580108 0.884795 0.580108 0.884795 0.609469 0.854728 0.619409 0.899686 0.648769 0.869619 0.619409 0.899686 0.609469 0.854728 0.609469 0.854728 0.580108 0.884795 0.570168 0.839837 0.604106 0.820216 0.638044 0.800594 0.643407 0.835107 0.643407 0.835107 0.609469 0.854728 0.604106 0.820216 0.570168 0.839837 0.604106 0.820216 0.609469 0.854728 0.609469 0.854728 0.643407 0.835107 0.648769 0.869619 0.05027598 0.619773 0.01829898 0.599837 0.06105995 0.582958 0.06105995 0.582958 0.093037 0.602894 0.05027598 0.619773 0.08225297 0.639709 0.05027598 0.619773 0.093037 0.602894 0.093037 0.602894 0.06105995 0.582958 0.10382 0.566078 0.071644 0.691161 0.03201097 0.690636 0.05713188 0.665172 0.05713188 0.665172 0.09676498 0.665697 0.071644 0.691161 0.111277 0.691685 0.071644 0.691161 0.09676498 0.665697 0.09676498 0.665697 0.05713188 0.665172 0.08225297 0.639709 0.071644 0.691161 0.111277 0.691685 0.09745496 0.724299 0.09745496 0.724299 0.05782192 0.723775 0.071644 0.691161 0.03201097 0.690636 0.071644 0.691161 0.05782192 0.723775 0.05782192 0.723775 0.09745496 0.724299 0.083633 0.756913 0.04293495 0.767331 0.002237915 0.777749 0.01712393 0.734193 0.01712393 0.734193 0.05782192 0.723775 0.04293495 0.767331 0.083633 0.756913 0.04293495 0.767331 0.05782192 0.723775 0.05782192 0.723775 0.01712393 0.734193 0.03201097 0.690636 0.04293495 0.767331 0.083633 0.756913 0.07691699 0.798389 0.07691699 0.798389 0.036219 0.808806 0.04293495 0.767331 0.002237915 0.777749 0.04293495 0.767331 0.036219 0.808806 0.036219 0.808806 0.07691699 0.798389 0.07020097 0.839864 0.550742 0.617725 0.583174 0.635742 0.557556 0.66318 0.557556 0.66318 0.525125 0.645163 0.550742 0.617725 0.518311 0.599708 0.550742 0.617725 0.525125 0.645163 0.525125 0.645163 0.557556 0.66318 0.531939 0.690618 0.115999 0.748964 0.083633 0.756913 0.09745496 0.724299 0.09745496 0.724299 0.129821 0.71635 0.115999 0.748964 0.148365 0.741015 0.115999 0.748964 0.129821 0.71635 0.129821 0.71635 0.09745496 0.724299 0.111277 0.691685 0.115999 0.748964 0.148365 0.741015 0.143222 0.770819 0.143222 0.770819 0.1108559 0.778768 0.115999 0.748964 0.083633 0.756913 0.115999 0.748964 0.1108559 0.778768 0.1108559 0.778768 0.143222 0.770819 0.138079 0.800623 0.10414 0.820244 0.07020097 0.839864 0.07691699 0.798389 0.07691699 0.798389 0.1108559 0.778768 0.10414 0.820244 0.138079 0.800623 0.10414 0.820244 0.1108559 0.778768 0.1108559 0.778768 0.07691699 0.798389 0.083633 0.756913 0.15886 0.786402 0.138079 0.800623 0.143222 0.770819 0.143222 0.770819 0.164003 0.756599 0.15886 0.786402 0.179641 0.772182 0.15886 0.786402 0.164003 0.756599 0.164003 0.756599 0.143222 0.770819 0.148365 0.741015 0.289927 0.756484 0.302502 0.734683 0.313 0.753274 0.313 0.753274 0.300425 0.775075 0.289927 0.756484 0.277352 0.778285 0.289927 0.756484 0.300425 0.775075 0.300425 0.775075 0.313 0.753274 0.323498 0.771865 0.289927 0.756484 0.277352 0.778285 0.26478 0.756501 0.26478 0.756501 0.277356 0.734699 0.289927 0.756484 0.302502 0.734683 0.289927 0.756484 0.277356 0.734699 0.277356 0.734699 0.26478 0.756501 0.252209 0.734716 0.264803 0.712933 0.277396 0.69115 0.289949 0.712916 0.289949 0.712916 0.277356 0.734699 0.264803 0.712933 0.252209 0.734716 0.264803 0.712933 0.277356 0.734699 0.277356 0.734699 0.289949 0.712916 0.302502 0.734683 0.264803 0.712933 0.252209 0.734716 0.239606 0.712943 0.239606 0.712943 0.252199 0.69116 0.264803 0.712933 0.277396 0.69115 0.264803 0.712933 0.252199 0.69116 0.252199 0.69116 0.239606 0.712943 0.227002 0.691169 0.2388319 0.674214 0.250662 0.657258 0.264029 0.674204 0.264029 0.674204 0.252199 0.69116 0.2388319 0.674214 0.227002 0.691169 0.2388319 0.674214 0.252199 0.69116 0.252199 0.69116 0.264029 0.674204 0.277396 0.69115 0.239645 0.756505 0.252209 0.734716 0.26478 0.756501 0.26478 0.756501 0.252216 0.77829 0.239645 0.756505 0.227081 0.778295 0.239645 0.756505 0.252216 0.77829 0.252216 0.77829 0.26478 0.756501 0.277352 0.778285 0.239645 0.756505 0.227081 0.778295 0.214502 0.756506 0.214502 0.756506 0.227066 0.734717 0.239645 0.756505 0.252209 0.734716 0.239645 0.756505 0.227066 0.734717 0.227066 0.734717 0.214502 0.756506 0.201923 0.734718 0.2144629 0.712944 0.227002 0.691169 0.239606 0.712943 0.239606 0.712943 0.227066 0.734717 0.2144629 0.712944 0.201923 0.734718 0.2144629 0.712944 0.227066 0.734717 0.227066 0.734717 0.239606 0.712943 0.252209 0.734716 0.190782 0.75345 0.201923 0.734718 0.214502 0.756506 0.214502 0.756506 0.203361 0.775238 0.190782 0.75345 0.179641 0.772182 0.190782 0.75345 0.203361 0.775238 0.203361 0.775238 0.214502 0.756506 0.227081 0.778295 0.376546 0.662903 0.359968 0.634237 0.390572 0.634969 0.390572 0.634969 0.407151 0.663636 0.376546 0.662903 0.393124 0.69157 0.376546 0.662903 0.407151 0.663636 0.407151 0.663636 0.390572 0.634969 0.421177 0.635701 0.376546 0.662903 0.393124 0.69157 0.3622 0.690312 0.3622 0.690312 0.345622 0.661646 0.376546 0.662903 0.359968 0.634237 0.376546 0.662903 0.345622 0.661646 0.345622 0.661646 0.3622 0.690312 0.331275 0.689055 0.314975 0.665383 0.298675 0.641712 0.329321 0.637974 0.329321 0.637974 0.345622 0.661646 0.314975 0.665383 0.331275 0.689055 0.314975 0.665383 0.345622 0.661646 0.345622 0.661646 0.329321 0.637974 0.359968 0.634237 0.314975 0.665383 0.331275 0.689055 0.304336 0.690102 0.304336 0.690102 0.288036 0.666431 0.314975 0.665383 0.298675 0.641712 0.314975 0.665383 0.288036 0.666431 0.288036 0.666431 0.304336 0.690102 0.277396 0.69115 0.264029 0.674204 0.250662 0.657258 0.274668 0.649485 0.274668 0.649485 0.288036 0.666431 0.264029 0.674204 0.277396 0.69115 0.264029 0.674204 0.288036 0.666431 0.288036 0.666431 0.274668 0.649485 0.298675 0.641712 0.343659 0.715002 0.331275 0.689055 0.3622 0.690312 0.3622 0.690312 0.374584 0.71626 0.343659 0.715002 0.356043 0.74095 0.343659 0.715002 0.374584 0.71626 0.374584 0.71626 0.3622 0.690312 0.393124 0.69157 0.343659 0.715002 0.356043 0.74095 0.329272 0.737816 0.329272 0.737816 0.316889 0.711869 0.343659 0.715002 0.331275 0.689055 0.343659 0.715002 0.316889 0.711869 0.316889 0.711869 0.329272 0.737816 0.302502 0.734683 0.289949 0.712916 0.277396 0.69115 0.304336 0.690102 0.304336 0.690102 0.316889 0.711869 0.289949 0.712916 0.302502 0.734683 0.289949 0.712916 0.316889 0.711869 0.316889 0.711869 0.304336 0.690102 0.331275 0.689055 0.313 0.753274 0.302502 0.734683 0.329272 0.737816 0.329272 0.737816 0.33977 0.756407 0.313 0.753274 0.323498 0.771865 0.313 0.753274 0.33977 0.756407 0.33977 0.756407 0.329272 0.737816 0.356043 0.74095 0.788126 0.976118 0.752188 1.004754 0.751572 0.969671 0.751572 0.969671 0.78751 0.941035 0.788126 0.976118 0.824065 0.947481 0.788126 0.976118 0.78751 0.941035 0.78751 0.941035 0.751572 0.969671 0.750956 0.934588 0.296064 0.510615 0.339962 0.496727 0.328625 0.537189 0.328625 0.537189 0.284727 0.551077 0.296064 0.510615 0.252167 0.524504 0.296064 0.510615 0.284727 0.551077 0.284727 0.551077 0.328625 0.537189 0.317288 0.57765 0.284727 0.590282 0.252167 0.602914 0.252167 0.563709 0.252167 0.563709 0.284727 0.551077 0.284727 0.590282 0.317288 0.57765 0.284727 0.590282 0.284727 0.551077 0.284727 0.551077 0.252167 0.563709 0.252167 0.524504 0.284727 0.590282 0.317288 0.57765 0.307981 0.609681 0.307981 0.609681 0.275421 0.622313 0.284727 0.590282 0.252167 0.602914 0.284727 0.590282 0.275421 0.622313 0.275421 0.622313 0.307981 0.609681 0.298675 0.641712 0.274668 0.649485 0.250662 0.657258 0.251414 0.630086 0.251414 0.630086 0.275421 0.622313 0.274668 0.649485 0.298675 0.641712 0.274668 0.649485 0.275421 0.622313 0.275421 0.622313 0.251414 0.630086 0.252167 0.602914 0.358899 0.571865 0.317288 0.57765 0.328625 0.537189 0.328625 0.537189 0.370237 0.531403 0.358899 0.571865 0.400511 0.56608 0.358899 0.571865 0.370237 0.531403 0.370237 0.531403 0.328625 0.537189 0.339962 0.496727 0.358899 0.571865 0.400511 0.56608 0.380239 0.600159 0.380239 0.600159 0.338628 0.605944 0.358899 0.571865 0.317288 0.57765 0.358899 0.571865 0.338628 0.605944 0.338628 0.605944 0.380239 0.600159 0.359968 0.634237 0.329321 0.637974 0.298675 0.641712 0.307981 0.609681 0.307981 0.609681 0.338628 0.605944 0.329321 0.637974 0.359968 0.634237 0.329321 0.637974 0.338628 0.605944 0.338628 0.605944 0.307981 0.609681 0.317288 0.57765 0.390572 0.634969 0.359968 0.634237 0.380239 0.600159 0.380239 0.600159 0.410844 0.600891 0.390572 0.634969 0.421177 0.635701 0.390572 0.634969 0.410844 0.600891 0.410844 0.600891 0.380239 0.600159 0.400511 0.56608 0.124081 0.60017 0.144342 0.634261 0.113297 0.636985 0.113297 0.636985 0.093037 0.602894 0.124081 0.60017 0.10382 0.566078 0.124081 0.60017 0.093037 0.602894 0.093037 0.602894 0.113297 0.636985 0.08225297 0.639709 0.124081 0.60017 0.10382 0.566078 0.1454319 0.571865 0.1454319 0.571865 0.165693 0.605957 0.124081 0.60017 0.144342 0.634261 0.124081 0.60017 0.165693 0.605957 0.165693 0.605957 0.1454319 0.571865 0.187044 0.577652 0.1963599 0.60968 0.205676 0.641707 0.175009 0.637984 0.175009 0.637984 0.165693 0.605957 0.1963599 0.60968 0.187044 0.577652 0.1963599 0.60968 0.165693 0.605957 0.165693 0.605957 0.175009 0.637984 0.144342 0.634261 0.1963599 0.60968 0.187044 0.577652 0.219605 0.590283 0.219605 0.590283 0.228922 0.62231 0.1963599 0.60968 0.205676 0.641707 0.1963599 0.60968 0.228922 0.62231 0.228922 0.62231 0.219605 0.590283 0.252167 0.602914 0.251414 0.630086 0.250662 0.657258 0.228169 0.649483 0.228169 0.649483 0.228922 0.62231 0.251414 0.630086 0.252167 0.602914 0.251414 0.630086 0.228922 0.62231 0.228922 0.62231 0.228169 0.649483 0.205676 0.641707 0.1757079 0.53719 0.187044 0.577652 0.1454319 0.571865 0.1454319 0.571865 0.134096 0.531403 0.1757079 0.53719 0.164372 0.496727 0.1757079 0.53719 0.134096 0.531403 0.134096 0.531403 0.1454319 0.571865 0.10382 0.566078 0.1757079 0.53719 0.164372 0.496727 0.208269 0.510615 0.208269 0.510615 0.219605 0.551078 0.1757079 0.53719 0.187044 0.577652 0.1757079 0.53719 0.219605 0.551078 0.219605 0.551078 0.208269 0.510615 0.252167 0.524504 0.252167 0.563709 0.252167 0.602914 0.219605 0.590283 0.219605 0.590283 0.219605 0.551078 0.252167 0.563709 0.252167 0.524504 0.252167 0.563709 0.219605 0.551078 0.219605 0.551078 0.219605 0.590283 0.187044 0.577652 0.751572 0.969671 0.752188 1.004754 0.716296 0.976118 0.716296 0.976118 0.71568 0.941034 0.751572 0.969671 0.750956 0.934588 0.751572 0.969671 0.71568 0.941034 0.71568 0.941034 0.716296 0.976118 0.680404 0.947481 0.175144 0.737867 0.201923 0.734718 0.190782 0.75345 0.190782 0.75345 0.164003 0.756599 0.175144 0.737867 0.148365 0.741015 0.175144 0.737867 0.164003 0.756599 0.164003 0.756599 0.190782 0.75345 0.179641 0.772182 0.175144 0.737867 0.148365 0.741015 0.160736 0.715057 0.160736 0.715057 0.187514 0.711908 0.175144 0.737867 0.201923 0.734718 0.175144 0.737867 0.187514 0.711908 0.187514 0.711908 0.160736 0.715057 0.173106 0.689098 0.200054 0.690134 0.227002 0.691169 0.2144629 0.712944 0.2144629 0.712944 0.187514 0.711908 0.200054 0.690134 0.173106 0.689098 0.200054 0.690134 0.187514 0.711908 0.187514 0.711908 0.2144629 0.712944 0.201923 0.734718 0.200054 0.690134 0.173106 0.689098 0.189391 0.665403 0.189391 0.665403 0.2163389 0.666438 0.200054 0.690134 0.227002 0.691169 0.200054 0.690134 0.2163389 0.666438 0.2163389 0.666438 0.189391 0.665403 0.205676 0.641707 0.228169 0.649483 0.250662 0.657258 0.2388319 0.674214 0.2388319 0.674214 0.2163389 0.666438 0.228169 0.649483 0.205676 0.641707 0.228169 0.649483 0.2163389 0.666438 0.2163389 0.666438 0.2388319 0.674214 0.227002 0.691169 0.142192 0.690392 0.173106 0.689098 0.160736 0.715057 0.160736 0.715057 0.129821 0.71635 0.142192 0.690392 0.111277 0.691685 0.142192 0.690392 0.129821 0.71635 0.129821 0.71635 0.160736 0.715057 0.148365 0.741015 0.142192 0.690392 0.111277 0.691685 0.127809 0.662973 0.127809 0.662973 0.158724 0.66168 0.142192 0.690392 0.173106 0.689098 0.142192 0.690392 0.158724 0.66168 0.158724 0.66168 0.127809 0.662973 0.144342 0.634261 0.175009 0.637984 0.205676 0.641707 0.189391 0.665403 0.189391 0.665403 0.158724 0.66168 0.175009 0.637984 0.144342 0.634261 0.175009 0.637984 0.158724 0.66168 0.158724 0.66168 0.189391 0.665403 0.173106 0.689098 0.113297 0.636985 0.144342 0.634261 0.127809 0.662973 0.127809 0.662973 0.09676498 0.665697 0.113297 0.636985 0.08225297 0.639709 0.113297 0.636985 0.09676498 0.665697 0.09676498 0.665697 0.127809 0.662973 0.111277 0.691685</float_array>
          <technique_common>
            <accessor source="#Sphere_soccerball-mesh-map-0-array" count="2160" stride="2">
              <param name="S" type="float"/>
              <param name="T" type="float"/>
            </accessor>
          </technique_common>
        </source>
        <vertices id="Sphere_soccerball-mesh-vertices">
          <input semantic="POSITION" source="#Sphere_soccerball-mesh-positions"/>
        </vertices>
        <triangles material="soccerball_rcs-soccerball_png-material" count="720">
          <input semantic="VERTEX" source="#Sphere_soccerball-mesh-vertices" offset="0"/>
          <input semantic="NORMAL" source="#Sphere_soccerball-mesh-normals" offset="1"/>
          <input semantic="TEXCOORD" source="#Sphere_soccerball-mesh-map-0" offset="2" set="0"/>
          <p>0 0 0 1 0 1 2 0 2 3 1 3 0 1 4 2 1 5 4 2 6 0 2 7 3 2 8 3 3 9 2 3 10 5 3 11 0 4 12 4 4 13 6 4 14 7 5 15 0 5 16 6 5 17 1 6 18 0 6 19 7 6 20 7 7 21 6 7 22 8 7 23 9 8 24 10 8 25 11 8 26 11 9 27 7 9 28 9 9 29 8 10 30 9 10 31 7 10 32 7 11 33 11 11 34 1 11 35 9 12 36 8 12 37 12 12 38 12 13 39 13 13 40 9 13 41 10 14 42 9 14 43 13 14 44 13 15 45 12 15 46 14 15 47 15 16 48 16 16 49 17 16 50 17 17 51 13 17 52 15 17 53 14 18 54 15 18 55 13 18 56 13 19 57 17 19 58 10 19 59 18 20 60 8 20 61 6 20 62 6 21 63 19 21 64 18 21 65 20 22 66 18 22 67 19 22 68 19 23 69 6 23 70 4 23 71 18 24 72 20 24 73 21 24 74 21 25 75 22 25 76 18 25 77 8 26 78 18 26 79 22 26 80 22 27 81 21 27 82 23 27 83 24 28 84 14 28 85 12 28 86 12 29 87 22 29 88 24 29 89 23 30 90 24 30 91 22 30 92 22 31 93 12 31 94 8 31 95 25 32 96 23 32 97 21 32 98 21 33 99 26 33 100 25 33 101 27 34 102 25 34 103 26 34 104 26 35 105 21 35 106 20 35 107 28 36 108 29 36 109 30 36 110 30 37 111 2 37 112 28 37 113 1 38 114 28 38 115 2 38 116 2 39 117 30 39 118 5 39 119 28 40 120 1 40 121 31 40 122 31 41 123 32 41 124 28 41 125 29 42 126 28 42 127 32 42 128 32 43 129 31 43 130 33 43 131 34 44 132 35 44 133 36 44 134 36 45 135 32 45 136 34 45 137 33 46 138 34 46 139 32 46 140 32 47 141 36 47 142 29 47 143 34 48 144 33 48 145 37 48 146 37 49 147 38 49 148 34 49 149 35 50 150 34 50 151 38 50 152 38 51 153 37 51 154 39 51 155 40 52 156 41 52 157 42 52 158 42 53 159 38 53 160 40 53 161 39 54 162 40 54 163 38 54 164 38 55 165 42 55 166 35 55 167 43 56 168 33 56 169 31 56 170 31 57 171 11 57 172 43 57 173 10 58 174 43 58 175 11 58 176 11 59 177 31 59 178 1 59 179 43 60 180 10 60 181 44 60 182 44 61 183 45 61 184 43 61 185 33 62 186 43 62 187 45 62 188 45 63 189 44 63 190 46 63 191 47 64 192 39 64 193 37 64 194 37 65 195 45 65 196 47 65 197 46 66 198 47 66 199 45 66 200 45 67 201 37 67 202 33 67 203 44 68 204 10 68 205 17 68 206 17 69 207 48 69 208 44 69 209 46 70 210 44 70 211 48 70 212 17 71 213 16 71 214 48 71 215 49 72 216 23 72 217 25 72 218 25 73 219 50 73 220 49 73 221 51 74 222 49 74 223 50 74 224 50 75 225 25 75 226 27 75 227 49 76 228 51 76 229 52 76 230 52 77 231 53 77 232 49 77 233 23 78 234 49 78 235 53 78 236 53 79 237 52 79 238 54 79 239 55 80 240 14 80 241 24 80 242 24 81 243 53 81 244 55 81 245 54 82 246 55 82 247 53 82 248 53 83 249 24 83 250 23 83 251 55 84 252 54 84 253 56 84 254 56 85 255 57 85 256 55 85 257 14 86 258 55 86 259 57 86 260 57 87 261 56 87 262 58 87 263 59 88 264 16 88 265 15 88 266 15 89 267 57 89 268 59 89 269 58 90 270 59 90 271 57 90 272 57 91 273 15 91 274 14 91 275 60 92 276 54 92 277 52 92 278 52 93 279 61 93 280 60 93 281 62 94 282 60 94 283 61 94 284 61 95 285 52 95 286 51 95 287 60 96 288 62 96 289 63 96 290 63 97 291 64 97 292 60 97 293 54 98 294 60 98 295 64 98 296 64 99 297 63 99 298 65 99 299 66 100 300 58 100 301 56 100 302 56 101 303 64 101 304 66 101 305 65 102 306 66 102 307 64 102 308 64 103 309 56 103 310 54 103 311 67 104 312 65 104 313 63 104 314 63 105 315 68 105 316 67 105 317 69 106 318 67 106 319 68 106 320 68 107 321 63 107 322 62 107 323 70 108 324 65 108 325 67 108 326 67 109 327 71 109 328 70 109 329 72 110 330 70 110 331 71 110 332 71 111 333 67 111 334 69 111 335 70 112 336 72 112 337 73 112 338 73 113 339 74 113 340 70 113 341 65 114 342 70 114 343 74 114 344 74 115 345 73 115 346 75 115 347 76 116 348 58 116 349 66 116 350 66 117 351 74 117 352 76 117 353 75 118 354 76 118 355 74 118 356 74 119 357 66 119 358 65 119 359 76 120 360 75 120 361 77 120 362 77 121 363 78 121 364 76 121 365 58 122 366 76 122 367 78 122 368 78 123 369 77 123 370 79 123 371 80 124 372 16 124 373 59 124 374 59 125 375 78 125 376 80 125 377 79 126 378 80 126 379 78 126 380 78 127 381 59 127 382 58 127 383 81 128 384 75 128 385 73 128 386 73 129 387 82 129 388 81 129 389 83 130 390 81 130 391 82 130 392 82 131 393 73 131 394 72 131 395 81 132 396 83 132 397 84 132 398 84 133 399 85 133 400 81 133 401 75 134 402 81 134 403 85 134 404 85 135 405 84 135 406 86 135 407 87 136 408 79 136 409 77 136 410 77 137 411 85 137 412 87 137 413 86 138 414 87 138 415 85 138 416 85 139 417 77 139 418 75 139 419 88 140 420 86 140 421 84 140 422 84 141 423 89 141 424 88 141 425 90 142 426 88 142 427 89 142 428 89 143 429 84 143 430 83 143 431 91 144 432 86 144 433 88 144 434 88 145 435 92 145 436 91 145 437 93 146 438 91 146 439 92 146 440 92 147 441 88 147 442 90 147 443 91 148 444 93 148 445 94 148 446 94 149 447 95 149 448 91 149 449 86 150 450 91 150 451 95 150 452 95 151 453 94 151 454 96 151 455 97 152 456 79 152 457 87 152 458 87 153 459 95 153 460 97 153 461 96 154 462 97 154 463 95 154 464 95 155 465 87 155 466 86 155 467 97 156 468 96 156 469 98 156 470 98 157 471 99 157 472 97 157 473 79 158 474 97 158 475 99 158 476 99 159 477 98 159 478 46 159 479 48 160 480 16 160 481 80 160 482 80 161 483 99 161 484 48 161 485 46 162 486 48 162 487 99 162 488 99 163 489 80 163 490 79 163 491 100 164 492 96 164 493 94 164 494 94 165 495 101 165 496 100 165 497 102 166 498 100 166 499 101 166 500 101 167 501 94 167 502 93 167 503 100 168 504 102 168 505 103 168 506 103 169 507 104 169 508 100 169 509 96 170 510 100 170 511 104 170 512 104 171 513 103 171 514 39 171 515 47 172 516 46 172 517 98 172 518 98 173 519 104 173 520 47 173 521 39 174 522 47 174 523 104 174 524 104 175 525 98 175 526 96 175 527 40 176 528 39 176 529 103 176 530 103 177 531 105 177 532 40 177 533 41 178 534 40 178 535 105 178 536 105 179 537 103 179 538 102 179 539 106 180 540 107 180 541 108 180 542 108 181 543 30 181 544 106 181 545 29 182 546 106 182 547 30 182 548 30 183 549 108 183 550 5 183 551 106 184 552 29 184 553 109 184 554 109 185 555 110 185 556 106 185 557 107 186 558 106 186 559 110 186 560 110 187 561 109 187 562 111 187 563 112 188 564 113 188 565 114 188 566 114 189 567 110 189 568 112 189 569 111 190 570 112 190 571 110 190 572 110 191 573 114 191 574 107 191 575 112 192 576 111 192 577 115 192 578 115 193 579 116 193 580 112 193 581 113 194 582 112 194 583 116 194 584 116 195 585 115 195 586 117 195 587 118 196 588 119 196 589 120 196 590 120 197 591 116 197 592 118 197 593 117 198 594 118 198 595 116 198 596 116 199 597 120 199 598 113 199 599 121 200 600 111 200 601 109 200 602 109 201 603 36 201 604 121 201 605 35 202 606 121 202 607 36 202 608 36 203 609 109 203 610 29 203 611 121 204 612 35 204 613 122 204 614 122 205 615 123 205 616 121 205 617 111 206 618 121 206 619 123 206 620 123 207 621 122 207 622 124 207 623 125 208 624 117 208 625 115 208 626 115 209 627 123 209 628 125 209 629 124 210 630 125 210 631 123 210 632 123 211 633 115 211 634 111 211 635 126 212 636 124 212 637 122 212 638 122 213 639 42 213 640 126 213 641 41 214 642 126 214 643 42 214 644 42 215 645 122 215 646 35 215 647 127 216 648 128 216 649 129 216 650 129 217 651 26 217 652 127 217 653 20 218 654 127 218 655 26 218 656 26 219 657 129 219 658 27 219 659 127 220 660 20 220 661 130 220 662 130 221 663 131 221 664 127 221 665 128 222 666 127 222 667 131 222 668 131 223 669 130 223 670 132 223 671 133 224 672 134 224 673 135 224 674 135 225 675 131 225 676 133 225 677 132 226 678 133 226 679 131 226 680 131 227 681 135 227 682 128 227 683 133 228 684 132 228 685 136 228 686 136 229 687 137 229 688 133 229 689 134 230 690 133 230 691 137 230 692 137 231 693 136 231 694 138 231 695 139 232 696 140 232 697 141 232 698 141 233 699 137 233 700 139 233 701 138 234 702 139 234 703 137 234 704 137 235 705 141 235 706 134 235 707 142 236 708 132 236 709 130 236 710 130 237 711 19 237 712 142 237 713 4 238 714 142 238 715 19 238 716 19 239 717 130 239 718 20 239 719 142 240 720 4 240 721 143 240 722 143 241 723 144 241 724 142 241 725 132 242 726 142 242 727 144 242 728 144 243 729 143 243 730 145 243 731 146 244 732 138 244 733 136 244 734 136 245 735 144 245 736 146 245 737 145 246 738 146 246 739 144 246 740 144 247 741 136 247 742 132 247 743 147 248 744 145 248 745 143 248 746 143 249 747 3 249 748 147 249 749 5 250 750 147 250 751 3 250 752 3 251 753 143 251 754 4 251 755 148 252 756 149 252 757 150 252 758 150 253 759 68 253 760 148 253 761 62 254 762 148 254 763 68 254 764 68 255 765 150 255 766 69 255 767 148 256 768 62 256 769 151 256 770 151 257 771 152 257 772 148 257 773 149 258 774 148 258 775 152 258 776 152 259 777 151 259 778 153 259 779 154 260 780 155 260 781 156 260 782 156 261 783 152 261 784 154 261 785 153 262 786 154 262 787 152 262 788 152 263 789 156 263 790 149 263 791 154 264 792 153 264 793 157 264 794 157 265 795 158 265 796 154 265 797 155 266 798 154 266 799 158 266 800 158 267 801 157 267 802 159 267 803 160 268 804 161 268 805 162 268 806 162 269 807 158 269 808 160 269 809 159 270 810 160 270 811 158 270 812 158 271 813 162 271 814 155 271 815 163 272 816 153 272 817 151 272 818 151 273 819 61 273 820 163 273 821 51 274 822 163 274 823 61 274 824 61 275 825 151 275 826 62 275 827 163 276 828 51 276 829 164 276 830 164 277 831 165 277 832 163 277 833 153 278 834 163 278 835 165 278 836 165 279 837 164 279 838 166 279 839 167 280 840 159 280 841 157 280 842 157 281 843 165 281 844 167 281 845 166 282 846 167 282 847 165 282 848 165 283 849 157 283 850 153 283 851 168 284 852 166 284 853 164 284 854 164 285 855 50 285 856 168 285 857 27 286 858 168 286 859 50 286 860 50 287 861 164 287 862 51 287 863 169 288 864 170 288 865 171 288 866 171 289 867 89 289 868 169 289 869 83 290 870 169 290 871 89 290 872 89 291 873 171 291 874 90 291 875 169 292 876 83 292 877 172 292 878 172 293 879 173 293 880 169 293 881 170 294 882 169 294 883 173 294 884 173 295 885 172 295 886 174 295 887 175 296 888 176 296 889 177 296 890 177 297 891 173 297 892 175 297 893 174 298 894 175 298 895 173 298 896 173 299 897 177 299 898 170 299 899 175 300 900 174 300 901 178 300 902 178 301 903 179 301 904 175 301 905 176 302 906 175 302 907 179 302 908 179 303 909 178 303 910 180 303 911 181 304 912 182 304 913 183 304 914 183 305 915 179 305 916 181 305 917 180 306 918 181 306 919 179 306 920 179 307 921 183 307 922 176 307 923 184 308 924 174 308 925 172 308 926 172 309 927 82 309 928 184 309 929 72 310 930 184 310 931 82 310 932 82 311 933 172 311 934 83 311 935 184 312 936 72 312 937 185 312 938 185 313 939 186 313 940 184 313 941 174 314 942 184 314 943 186 314 944 186 315 945 185 315 946 187 315 947 188 316 948 180 316 949 178 316 950 178 317 951 186 317 952 188 317 953 187 318 954 188 318 955 186 318 956 186 319 957 178 319 958 174 319 959 189 320 960 187 320 961 185 320 962 185 321 963 71 321 964 189 321 965 69 322 966 189 322 967 71 322 968 71 323 969 185 323 970 72 323 971 190 324 972 191 324 973 192 324 974 192 325 975 105 325 976 190 325 977 102 326 978 190 326 979 105 326 980 105 327 981 192 327 982 41 327 983 190 328 984 102 328 985 193 328 986 193 329 987 194 329 988 190 329 989 191 330 990 190 330 991 194 330 992 194 331 993 193 331 994 195 331 995 196 332 996 197 332 997 198 332 998 198 333 999 194 333 1000 196 333 1001 195 334 1002 196 334 1003 194 334 1004 194 335 1005 198 335 1006 191 335 1007 196 336 1008 195 336 1009 199 336 1010 199 337 1011 200 337 1012 196 337 1013 197 338 1014 196 338 1015 200 338 1016 200 339 1017 199 339 1018 201 339 1019 202 340 1020 203 340 1021 204 340 1022 204 341 1023 200 341 1024 202 341 1025 201 342 1026 202 342 1027 200 342 1028 200 343 1029 204 343 1030 197 343 1031 205 344 1032 195 344 1033 193 344 1034 193 345 1035 101 345 1036 205 345 1037 93 346 1038 205 346 1039 101 346 1040 101 347 1041 193 347 1042 102 347 1043 205 348 1044 93 348 1045 206 348 1046 206 349 1047 207 349 1048 205 349 1049 195 350 1050 205 350 1051 207 350 1052 207 351 1053 206 351 1054 208 351 1055 209 352 1056 201 352 1057 199 352 1058 199 353 1059 207 353 1060 209 353 1061 208 354 1062 209 354 1063 207 354 1064 207 355 1065 199 355 1066 195 355 1067 210 356 1068 208 356 1069 206 356 1070 206 357 1071 92 357 1072 210 357 1073 90 358 1074 210 358 1075 92 358 1076 92 359 1077 206 359 1078 93 359 1079 211 360 1080 113 360 1081 120 360 1082 120 361 1083 212 361 1084 211 361 1085 213 362 1086 211 362 1087 212 362 1088 212 363 1089 120 363 1090 119 363 1091 211 364 1092 213 364 1093 214 364 1094 214 365 1095 215 365 1096 211 365 1097 113 366 1098 211 366 1099 215 366 1100 215 367 1101 214 367 1102 216 367 1103 217 368 1104 107 368 1105 114 368 1106 114 369 1107 215 369 1108 217 369 1109 216 370 1110 217 370 1111 215 370 1112 215 371 1113 114 371 1114 113 371 1115 217 372 1116 216 372 1117 218 372 1118 218 373 1119 219 373 1120 217 373 1121 107 374 1122 217 374 1123 219 374 1124 219 375 1125 218 375 1126 145 375 1127 147 376 1128 5 376 1129 108 376 1130 108 377 1131 219 377 1132 147 377 1133 145 378 1134 147 378 1135 219 378 1136 219 379 1137 108 379 1138 107 379 1139 220 380 1140 216 380 1141 214 380 1142 214 381 1143 221 381 1144 220 381 1145 222 382 1146 220 382 1147 221 382 1148 221 383 1149 214 383 1150 213 383 1151 220 384 1152 222 384 1153 223 384 1154 223 385 1155 224 385 1156 220 385 1157 216 386 1158 220 386 1159 224 386 1160 224 387 1161 223 387 1162 138 387 1163 146 388 1164 145 388 1165 218 388 1166 218 389 1167 224 389 1168 146 389 1169 138 390 1170 146 390 1171 224 390 1172 224 391 1173 218 391 1174 216 391 1175 139 392 1176 138 392 1177 223 392 1178 223 393 1179 225 393 1180 139 393 1181 140 394 1182 139 394 1183 225 394 1184 225 395 1185 223 395 1186 222 395 1187 226 396 1188 134 396 1189 141 396 1190 141 397 1191 227 397 1192 226 397 1193 228 398 1194 226 398 1195 227 398 1196 227 399 1197 141 399 1198 140 399 1199 226 400 1200 228 400 1201 229 400 1202 229 401 1203 230 401 1204 226 401 1205 134 402 1206 226 402 1207 230 402 1208 230 403 1209 229 403 1210 231 403 1211 232 404 1212 128 404 1213 135 404 1214 135 405 1215 230 405 1216 232 405 1217 231 406 1218 232 406 1219 230 406 1220 230 407 1221 135 407 1222 134 407 1223 232 408 1224 231 408 1225 233 408 1226 233 409 1227 234 409 1228 232 409 1229 128 410 1230 232 410 1231 234 410 1232 234 411 1233 233 411 1234 166 411 1235 168 412 1236 27 412 1237 129 412 1238 129 413 1239 234 413 1240 168 413 1241 166 414 1242 168 414 1243 234 414 1244 234 415 1245 129 415 1246 128 415 1247 235 416 1248 231 416 1249 229 416 1250 229 417 1251 236 417 1252 235 417 1253 237 418 1254 235 418 1255 236 418 1256 236 419 1257 229 419 1258 228 419 1259 235 420 1260 237 420 1261 238 420 1262 238 421 1263 239 421 1264 235 421 1265 231 422 1266 235 422 1267 239 422 1268 239 423 1269 238 423 1270 159 423 1271 167 424 1272 166 424 1273 233 424 1274 233 425 1275 239 425 1276 167 425 1277 159 426 1278 167 426 1279 239 426 1280 239 427 1281 233 427 1282 231 427 1283 160 428 1284 159 428 1285 238 428 1286 238 429 1287 240 429 1288 160 429 1289 161 430 1290 160 430 1291 240 430 1292 240 431 1293 238 431 1294 237 431 1295 241 432 1296 155 432 1297 162 432 1298 162 433 1299 242 433 1300 241 433 1301 243 434 1302 241 434 1303 242 434 1304 242 435 1305 162 435 1306 161 435 1307 241 436 1308 243 436 1309 244 436 1310 244 437 1311 245 437 1312 241 437 1313 155 438 1314 241 438 1315 245 438 1316 245 439 1317 244 439 1318 246 439 1319 247 440 1320 149 440 1321 156 440 1322 156 441 1323 245 441 1324 247 441 1325 246 442 1326 247 442 1327 245 442 1328 245 443 1329 156 443 1330 155 443 1331 247 444 1332 246 444 1333 248 444 1334 248 445 1335 249 445 1336 247 445 1337 149 446 1338 247 446 1339 249 446 1340 249 447 1341 248 447 1342 187 447 1343 189 448 1344 69 448 1345 150 448 1346 150 449 1347 249 449 1348 189 449 1349 187 450 1350 189 450 1351 249 450 1352 249 451 1353 150 451 1354 149 451 1355 250 452 1356 246 452 1357 244 452 1358 244 453 1359 251 453 1360 250 453 1361 252 454 1362 250 454 1363 251 454 1364 251 455 1365 244 455 1366 243 455 1367 250 456 1368 252 456 1369 253 456 1370 253 457 1371 254 457 1372 250 457 1373 246 458 1374 250 458 1375 254 458 1376 254 459 1377 253 459 1378 180 459 1379 188 460 1380 187 460 1381 248 460 1382 248 461 1383 254 461 1384 188 461 1385 180 462 1386 188 462 1387 254 462 1388 254 463 1389 248 463 1390 246 463 1391 181 464 1392 180 464 1393 253 464 1394 253 465 1395 255 465 1396 181 465 1397 182 466 1398 181 466 1399 255 466 1400 255 467 1401 253 467 1402 252 467 1403 256 468 1404 176 468 1405 183 468 1406 183 469 1407 257 469 1408 256 469 1409 258 470 1410 256 470 1411 257 470 1412 257 471 1413 183 471 1414 182 471 1415 256 472 1416 258 472 1417 259 472 1418 259 473 1419 260 473 1420 256 473 1421 176 474 1422 256 474 1423 260 474 1424 260 475 1425 259 475 1426 261 475 1427 262 476 1428 170 476 1429 177 476 1430 177 477 1431 260 477 1432 262 477 1433 261 478 1434 262 478 1435 260 478 1436 260 479 1437 177 479 1438 176 479 1439 262 480 1440 261 480 1441 263 480 1442 263 481 1443 264 481 1444 262 481 1445 170 482 1446 262 482 1447 264 482 1448 264 483 1449 263 483 1450 208 483 1451 210 484 1452 90 484 1453 171 484 1454 171 485 1455 264 485 1456 210 485 1457 208 486 1458 210 486 1459 264 486 1460 264 487 1461 171 487 1462 170 487 1463 265 488 1464 261 488 1465 259 488 1466 259 489 1467 266 489 1468 265 489 1469 267 490 1470 265 490 1471 266 490 1472 266 491 1473 259 491 1474 258 491 1475 265 492 1476 267 492 1477 268 492 1478 268 493 1479 269 493 1480 265 493 1481 261 494 1482 265 494 1483 269 494 1484 269 495 1485 268 495 1486 201 495 1487 209 496 1488 208 496 1489 263 496 1490 263 497 1491 269 497 1492 209 497 1493 201 498 1494 209 498 1495 269 498 1496 269 499 1497 263 499 1498 261 499 1499 202 500 1500 201 500 1501 268 500 1502 268 501 1503 270 501 1504 202 501 1505 203 502 1506 202 502 1507 270 502 1508 270 503 1509 268 503 1510 267 503 1511 271 504 1512 197 504 1513 204 504 1514 204 505 1515 272 505 1516 271 505 1517 273 506 1518 271 506 1519 272 506 1520 272 507 1521 204 507 1522 203 507 1523 271 508 1524 273 508 1525 274 508 1526 274 509 1527 275 509 1528 271 509 1529 197 510 1530 271 510 1531 275 510 1532 275 511 1533 274 511 1534 276 511 1535 277 512 1536 191 512 1537 198 512 1538 198 513 1539 275 513 1540 277 513 1541 276 514 1542 277 514 1543 275 514 1544 275 515 1545 198 515 1546 197 515 1547 277 516 1548 276 516 1549 278 516 1550 278 517 1551 279 517 1552 277 517 1553 191 518 1554 277 518 1555 279 518 1556 279 519 1557 278 519 1558 124 519 1559 126 520 1560 41 520 1561 192 520 1562 192 521 1563 279 521 1564 126 521 1565 124 522 1566 126 522 1567 279 522 1568 279 523 1569 192 523 1570 191 523 1571 280 524 1572 276 524 1573 274 524 1574 274 525 1575 281 525 1576 280 525 1577 282 526 1578 280 526 1579 281 526 1580 281 527 1581 274 527 1582 273 527 1583 280 528 1584 282 528 1585 283 528 1586 283 529 1587 284 529 1588 280 529 1589 276 530 1590 280 530 1591 284 530 1592 284 531 1593 283 531 1594 117 531 1595 125 532 1596 124 532 1597 278 532 1598 278 533 1599 284 533 1600 125 533 1601 117 534 1602 125 534 1603 284 534 1604 284 535 1605 278 535 1606 276 535 1607 118 536 1608 117 536 1609 283 536 1610 283 537 1611 285 537 1612 118 537 1613 119 538 1614 118 538 1615 285 538 1616 285 539 1617 283 539 1618 282 539 1619 286 540 1620 287 540 1621 288 540 1622 288 541 1623 225 541 1624 286 541 1625 222 542 1626 286 542 1627 225 542 1628 225 543 1629 288 543 1630 140 543 1631 286 544 1632 222 544 1633 289 544 1634 289 545 1635 290 545 1636 286 545 1637 287 546 1638 286 546 1639 290 546 1640 290 547 1641 289 547 1642 291 547 1643 292 548 1644 293 548 1645 294 548 1646 294 549 1647 290 549 1648 292 549 1649 291 550 1650 292 550 1651 290 550 1652 290 551 1653 294 551 1654 287 551 1655 292 552 1656 291 552 1657 295 552 1658 295 553 1659 296 553 1660 292 553 1661 293 554 1662 292 554 1663 296 554 1664 296 555 1665 295 555 1666 297 555 1667 298 556 1668 299 556 1669 300 556 1670 300 557 1671 296 557 1672 298 557 1673 297 558 1674 298 558 1675 296 558 1676 296 559 1677 300 559 1678 293 559 1679 301 560 1680 291 560 1681 289 560 1682 289 561 1683 221 561 1684 301 561 1685 213 562 1686 301 562 1687 221 562 1688 221 563 1689 289 563 1690 222 563 1691 301 564 1692 213 564 1693 302 564 1694 302 565 1695 303 565 1696 301 565 1697 291 566 1698 301 566 1699 303 566 1700 303 567 1701 302 567 1702 304 567 1703 305 568 1704 297 568 1705 295 568 1706 295 569 1707 303 569 1708 305 569 1709 304 570 1710 305 570 1711 303 570 1712 303 571 1713 295 571 1714 291 571 1715 306 572 1716 304 572 1717 302 572 1718 302 573 1719 212 573 1720 306 573 1721 119 574 1722 306 574 1723 212 574 1724 212 575 1725 302 575 1726 213 575 1727 307 576 1728 308 576 1729 309 576 1730 309 577 1731 240 577 1732 307 577 1733 237 578 1734 307 578 1735 240 578 1736 240 579 1737 309 579 1738 161 579 1739 307 580 1740 237 580 1741 310 580 1742 310 581 1743 311 581 1744 307 581 1745 308 582 1746 307 582 1747 311 582 1748 311 583 1749 310 583 1750 312 583 1751 313 584 1752 314 584 1753 315 584 1754 315 585 1755 311 585 1756 313 585 1757 312 586 1758 313 586 1759 311 586 1760 311 587 1761 315 587 1762 308 587 1763 313 588 1764 312 588 1765 316 588 1766 316 589 1767 317 589 1768 313 589 1769 314 590 1770 313 590 1771 317 590 1772 317 591 1773 316 591 1774 293 591 1775 300 592 1776 299 592 1777 318 592 1778 318 593 1779 317 593 1780 300 593 1781 293 594 1782 300 594 1783 317 594 1784 317 595 1785 318 595 1786 314 595 1787 319 596 1788 312 596 1789 310 596 1790 310 597 1791 236 597 1792 319 597 1793 228 598 1794 319 598 1795 236 598 1796 236 599 1797 310 599 1798 237 599 1799 319 600 1800 228 600 1801 320 600 1802 320 601 1803 321 601 1804 319 601 1805 312 602 1806 319 602 1807 321 602 1808 321 603 1809 320 603 1810 287 603 1811 294 604 1812 293 604 1813 316 604 1814 316 605 1815 321 605 1816 294 605 1817 287 606 1818 294 606 1819 321 606 1820 321 607 1821 316 607 1822 312 607 1823 288 608 1824 287 608 1825 320 608 1826 320 609 1827 227 609 1828 288 609 1829 140 610 1830 288 610 1831 227 610 1832 227 611 1833 320 611 1834 228 611 1835 322 612 1836 323 612 1837 324 612 1838 324 613 1839 255 613 1840 322 613 1841 252 614 1842 322 614 1843 255 614 1844 255 615 1845 324 615 1846 182 615 1847 322 616 1848 252 616 1849 325 616 1850 325 617 1851 326 617 1852 322 617 1853 323 618 1854 322 618 1855 326 618 1856 326 619 1857 325 619 1858 327 619 1859 328 620 1860 329 620 1861 330 620 1862 330 621 1863 326 621 1864 328 621 1865 327 622 1866 328 622 1867 326 622 1868 326 623 1869 330 623 1870 323 623 1871 328 624 1872 327 624 1873 331 624 1874 331 625 1875 332 625 1876 328 625 1877 329 626 1878 328 626 1879 332 626 1880 332 627 1881 331 627 1882 314 627 1883 318 628 1884 299 628 1885 333 628 1886 333 629 1887 332 629 1888 318 629 1889 314 630 1890 318 630 1891 332 630 1892 332 631 1893 333 631 1894 329 631 1895 334 632 1896 327 632 1897 325 632 1898 325 633 1899 251 633 1900 334 633 1901 243 634 1902 334 634 1903 251 634 1904 251 635 1905 325 635 1906 252 635 1907 334 636 1908 243 636 1909 335 636 1910 335 637 1911 336 637 1912 334 637 1913 327 638 1914 334 638 1915 336 638 1916 336 639 1917 335 639 1918 308 639 1919 315 640 1920 314 640 1921 331 640 1922 331 641 1923 336 641 1924 315 641 1925 308 642 1926 315 642 1927 336 642 1928 336 643 1929 331 643 1930 327 643 1931 309 644 1932 308 644 1933 335 644 1934 335 645 1935 242 645 1936 309 645 1937 161 646 1938 309 646 1939 242 646 1940 242 647 1941 335 647 1942 243 647 1943 337 648 1944 338 648 1945 339 648 1946 339 649 1947 270 649 1948 337 649 1949 267 650 1950 337 650 1951 270 650 1952 270 651 1953 339 651 1954 203 651 1955 337 652 1956 267 652 1957 340 652 1958 340 653 1959 341 653 1960 337 653 1961 338 654 1962 337 654 1963 341 654 1964 341 655 1965 340 655 1966 342 655 1967 343 656 1968 344 656 1969 345 656 1970 345 657 1971 341 657 1972 343 657 1973 342 658 1974 343 658 1975 341 658 1976 341 659 1977 345 659 1978 338 659 1979 343 660 1980 342 660 1981 346 660 1982 346 661 1983 347 661 1984 343 661 1985 344 662 1986 343 662 1987 347 662 1988 347 663 1989 346 663 1990 329 663 1991 333 664 1992 299 664 1993 348 664 1994 348 665 1995 347 665 1996 333 665 1997 329 666 1998 333 666 1999 347 666 2000 347 667 2001 348 667 2002 344 667 2003 349 668 2004 342 668 2005 340 668 2006 340 669 2007 266 669 2008 349 669 2009 258 670 2010 349 670 2011 266 670 2012 266 671 2013 340 671 2014 267 671 2015 349 672 2016 258 672 2017 350 672 2018 350 673 2019 351 673 2020 349 673 2021 342 674 2022 349 674 2023 351 674 2024 351 675 2025 350 675 2026 323 675 2027 330 676 2028 329 676 2029 346 676 2030 346 677 2031 351 677 2032 330 677 2033 323 678 2034 330 678 2035 351 678 2036 351 679 2037 346 679 2038 342 679 2039 324 680 2040 323 680 2041 350 680 2042 350 681 2043 257 681 2044 324 681 2045 182 682 2046 324 682 2047 257 682 2048 257 683 2049 350 683 2050 258 683 2051 352 684 2052 304 684 2053 306 684 2054 306 685 2055 285 685 2056 352 685 2057 282 686 2058 352 686 2059 285 686 2060 285 687 2061 306 687 2062 119 687 2063 352 688 2064 282 688 2065 353 688 2066 353 689 2067 354 689 2068 352 689 2069 304 690 2070 352 690 2071 354 690 2072 354 691 2073 353 691 2074 355 691 2075 356 692 2076 297 692 2077 305 692 2078 305 693 2079 354 693 2080 356 693 2081 355 694 2082 356 694 2083 354 694 2084 354 695 2085 305 695 2086 304 695 2087 356 696 2088 355 696 2089 357 696 2090 357 697 2091 358 697 2092 356 697 2093 297 698 2094 356 698 2095 358 698 2096 358 699 2097 357 699 2098 344 699 2099 348 700 2100 299 700 2101 298 700 2102 298 701 2103 358 701 2104 348 701 2105 344 702 2106 348 702 2107 358 702 2108 358 703 2109 298 703 2110 297 703 2111 359 704 2112 355 704 2113 353 704 2114 353 705 2115 281 705 2116 359 705 2117 273 706 2118 359 706 2119 281 706 2120 281 707 2121 353 707 2122 282 707 2123 359 708 2124 273 708 2125 360 708 2126 360 709 2127 361 709 2128 359 709 2129 355 710 2130 359 710 2131 361 710 2132 361 711 2133 360 711 2134 338 711 2135 345 712 2136 344 712 2137 357 712 2138 357 713 2139 361 713 2140 345 713 2141 338 714 2142 345 714 2143 361 714 2144 361 715 2145 357 715 2146 355 715 2147 339 716 2148 338 716 2149 360 716 2150 360 717 2151 272 717 2152 339 717 2153 203 718 2154 339 718 2155 272 718 2156 272 719 2157 360 719 2158 273 719 2159</p>
        </triangles>
      </mesh>
    </geometry>
  </library_geometries>
  <library_visual_scenes>
    <visual_scene id="Scene" name="Scene">
      <node id="Sphere_soccerball" name="Sphere_soccerball" type="NODE">
        <matrix sid="transform">0.08 0 0 0 0 -3.49691e-9 -0.08 0 0 0.08 -3.49691e-9 0 0 0 0 1</matrix>
        <instance_geometry url="#Sphere_soccerball-mesh" name="Sphere_soccerball">
          <bind_material>
            <technique_common>
              <instance_material symbol="soccerball_rcs-soccerball_png-material" target="#soccerball_rcs-soccerball_png-material">
                <bind_vertex_input semantic="Sphere_soccerball-mesh-map-0" input_semantic="TEXCOORD" input_set="0"/>
              </instance_material>
            </technique_common>
          </bind_material>
        </instance_geometry>
      </node>
      <node id="Camera" name="Camera" type="NODE">
        <matrix sid="transform">0.6859207 -0.3240135 0.6515582 7.358891 0.7276763 0.3054208 -0.6141704 -6.925791 0 0.8953956 0.4452714 4.958309 0 0 0 1</matrix>
        <instance_camera url="#Camera-camera"/>
      </node>
      <node id="Light" name="Light" type="NODE">
        <matrix sid="transform">-0.2908646 -0.7711008 0.5663932 4.076245 0.9551712 -0.1998834 0.2183912 1.005454 -0.05518906 0.6045247 0.7946723 5.903862 0 0 0 1</matrix>
        <instance_light url="#Light-light"/>
      </node>
    </visual_scene>
  </library_visual_scenes>
  <scene>
    <instance_visual_scene url="#Scene"/>
  </scene>
</COLLADA>
